target,case,n_new,realization,dates_bjd,orbit_model,eccentricity,period_days,period_uncertainty_days,conjunction_uncertainty_days,semiamplitude_uncertainty_m_per_s,phase_uncertainty_hours,analytic_phase_uncertainty_hours,baseline_phase_uncertainty_hours,baseline_period_uncertainty_days,baseline_conjunction_uncertainty_days,baseline_semiamplitude_uncertainty_m_per_s,pipeline_new_point_jitter_m_per_s,jitter_m_per_s
HD86081,shared zero point,3,0,2461513.865 2461517.784 2461534.774,circular,0.0,2.137836818236169,1.1272957683607792e-06,0.0014240451067079074,0.6706848600408054,0.07798576150019064,0.0689245297328322,0.08368815393092394,1.197667201715489e-06,0.0014539991545898967,0.6872776254094927,5.262222087564288,2.1459581293852206
HD86081,free offset,3,0,2461513.865 2461517.784 2461534.774,circular,0.0,2.1378365115785845,1.0998160051429467e-06,0.0014293121879035055,0.6838571380389699,0.07513160371706241,0.06939805549910509,0.08368815393092394,1.197667201715489e-06,0.0014539991545898967,0.6872776254094927,3.4134738643033398,2.1459581293852206
HD86081,shared zero point,3,1,2461486.972 2461487.857 2461537.820,circular,0.0,2.137837089024951,1.125536217637483e-06,0.0014187790584872229,0.6653495927517615,0.07779000652894094,0.06925323180744475,0.08368815393092394,1.197667201715489e-06,0.0014539991545898967,0.6872776254094927,5.242796928637879,2.1459581293852206
HD86081,free offset,3,1,2461486.972 2461487.857 2461537.820,circular,0.0,2.1378371077550535,1.0787599984539702e-06,0.001397637203054447,0.6521470373771254,0.07393622371694081,0.06951184399412118,0.08368815393092394,1.197667201715489e-06,0.0014539991545898967,0.6872776254094927,3.431377630680207,2.1459581293852206
HD86081,shared zero point,3,2,2461448.091 2461451.918 2461529.772,circular,0.0,2.1378368272321593,1.0811614573128325e-06,0.001415964269073842,0.6703806673390815,0.0744240454010045,0.059456367453592174,0.08368815393092394,1.197667201715489e-06,0.0014539991545898967,0.6872776254094927,5.212828976358547,2.1459581293852206
HD86081,free offset,3,2,2461448.091 2461451.918 2461529.772,circular,0.0,2.1378366999090894,1.0272817487594755e-06,0.001409082367866886,0.6749719393417556,0.07037790602914157,0.06112190864877059,0.08368815393092394,1.197667201715489e-06,0.0014539991545898967,0.6872776254094927,3.42263433187434,2.1459581293852206
HD86081,shared zero point,3,3,2461481.889 2461498.867 2461506.828,circular,0.0,2.137837501976986,1.0566915978450696e-06,0.001408038016001546,0.6712003479989057,0.07230730337553841,0.05434064778586487,0.08368815393092394,1.197667201715489e-06,0.0014539991545898967,0.6872776254094927,5.246129133262323,2.1459581293852206
HD86081,free offset,3,3,2461481.889 2461498.867 2461506.828,circular,0.0,2.137837642214512,9.95324350440808e-07,0.0013868373504405055,0.6713787977450135,0.06653840271158608,0.05737035131379964,0.08368815393092394,1.197667201715489e-06,0.0014539991545898967,0.6872776254094927,3.4568170954351274,2.1459581293852206
HD86081,shared zero point,3,4,2461442.908 2461466.956 2461504.780,circular,0.0,2.1378368973818294,1.1075263645759237e-06,0.0014177930942972617,0.6705507090283487,0.07603721459714682,0.0636418432726732,0.08368815393092394,1.197667201715489e-06,0.0014539991545898967,0.6872776254094927,5.297833272133767,2.1459581293852206
HD86081,free offset,3,4,2461442.908 2461466.956 2461504.780,circular,0.0,2.137836607600411,1.059948035495935e-06,0.0014144114016785066,0.6787043722212368,0.07134174800692322,0.06393450172518175,0.08368815393092394,1.197667201715489e-06,0.0014539991545898967,0.6872776254094927,3.4167518825798044,2.1459581293852206
HD86081,shared zero point,4,0,2461477.895 2461493.975 2461511.754 2461559.763,circular,0.0,2.137837387016872,1.0243045217575448e-06,0.0013892689675885275,0.6628763393308404,0.06942669832538574,0.05171591764961609,0.08368815393092394,1.197667201715489e-06,0.0014539991545898967,0.6872776254094927,5.18880484800507,2.1459581293852206
HD86081,free offset,4,0,2461477.895 2461493.975 2461511.754 2461559.763,circular,0.0,2.1378375151368982,9.289821497315466e-07,0.0013586648510240712,0.6562187419826142,0.061291950176814984,0.051733286626317904,0.08368815393092394,1.197667201715489e-06,0.0014539991545898967,0.6872776254094927,3.4439691583876004,2.1459581293852206
HD86081,shared zero point,4,1,2461438.955 2461469.766 2461518.769 2461532.816,circular,0.0,2.137837157715512,1.133007517837843e-06,0.001425148842200033,0.6620554760251227,0.07880421788876504,0.07088030748991918,0.08368815393092394,1.197667201715489e-06,0.0014539991545898967,0.6872776254094927,5.180966858564833,2.1459581293852206
HD86081,free offset,4,1,2461438.955 2461469.766 2461518.769 2461532.816,circular,0.0,2.137837104294346,1.1356672722912055e-06,0.001437439620437651,0.6553935759527568,0.07917167001391225,0.07494019483061547,0.08368815393092394,1.197667201715489e-06,0.0014539991545898967,0.6872776254094927,3.449390627270862,2.1459581293852206
HD86081,shared zero point,4,2,2461520.822 2461547.825 2461550.816 2461564.748,circular,0.0,2.137837377093871,1.1350775187085773e-06,0.0014096860849330732,0.6523088916234059,0.07833370344671987,0.07389640059724421,0.08368815393092394,1.197667201715489e-06,0.0014539991545898967,0.6872776254094927,5.1744778594374266,2.1459581293852206
HD86081,free offset,4,2,2461520.822 2461547.825 2461550.816 2461564.748,circular,0.0,2.137837432594361,1.1346747977306913e-06,0.0013961804112151064,0.6329880375720994,0.07778091275141172,0.07748157668861011,0.08368815393092394,1.197667201715489e-06,0.0014539991545898967,0.6872776254094927,3.4482041652466804,2.1459581293852206
HD86081,shared zero point,4,3,2461452.862 2461482.854 2461539.809 2461546.745,circular,0.0,2.1378371956394973,1.053818196648487e-06,0.0014079525797099422,0.6694223517037922,0.07212810047261282,0.054254180106707225,0.08368815393092394,1.197667201715489e-06,0.0014539991545898967,0.6872776254094927,5.206978151106432,2.1459581293852206
HD86081,free offset,4,3,2461452.862 2461482.854 2461539.809 2461546.745,circular,0.0,2.137837327446465,9.76335799833064e-07,0.0013886315602356326,0.6754885558737949,0.06566176967248544,0.05614213049204705,0.08368815393092394,1.197667201715489e-06,0.0014539991545898967,0.6872776254094927,3.443132909227897,2.1459581293852206
HD86081,shared zero point,4,4,2461457.854 2461509.789 2461530.807 2461541.763,circular,0.0,2.137837029143411,1.0414059234601562e-06,0.0013994712015449262,0.6643884073119184,0.0712958850392979,0.05459011507173369,0.08368815393092394,1.197667201715489e-06,0.0014539991545898967,0.6872776254094927,5.1598299080617,2.1459581293852206
HD86081,free offset,4,4,2461457.854 2461509.789 2461530.807 2461541.763,circular,0.0,2.1378370747192403,1.0577804388636446e-06,0.0013835926293565544,0.6585498732195935,0.07148045812299222,0.06680633301695678,0.08368815393092394,1.197667201715489e-06,0.0014539991545898967,0.6872776254094927,3.4336863121401615,2.1459581293852206
HD86081,shared zero point,5,0,2461439.902 2461476.734 2461482.973 2461500.884 2461523.790,circular,0.0,2.1378371709754553,1.0052822320269078e-06,0.001372602731053886,0.6591357592073616,0.06770490056726415,0.04838596170363348,0.08368815393092394,1.197667201715489e-06,0.0014539991545898967,0.6872776254094927,5.107970147507817,2.1459581293852206
HD86081,free offset,5,0,2461439.902 2461476.734 2461482.973 2461500.884 2461523.790,circular,0.0,2.1378371944482093,9.828525193859084e-07,0.0013716722532540004,0.6539361316478369,0.06669680611615311,0.0582472482699431,0.08368815393092394,1.197667201715489e-06,0.0014539991545898967,0.6872776254094927,3.433166631748212,2.1459581293852206
HD86081,shared zero point,5,1,2461450.880 2461467.886 2461468.760 2461474.919 2461503.904,circular,0.0,2.1378373056222424,1.0604218163474751e-06,0.001389145013083757,0.6561182960133107,0.07261228608837153,0.05639003985515198,0.08368815393092394,1.197667201715489e-06,0.0014539991545898967,0.6872776254094927,5.105291703265816,2.1459581293852206
HD86081,free offset,5,1,2461450.880 2461467.886 2461468.760 2461474.919 2461503.904,circular,0.0,2.1378373770174877,1.0210704367518431e-06,0.0013818028231434073,0.6433448801709919,0.07012134964883932,0.062137008784657374,0.08368815393092394,1.197667201715489e-06,0.0014539991545898967,0.6872776254094927,3.440195093567576,2.1459581293852206
HD86081,shared zero point,5,2,2461497.839 2461501.886 2461514.765 2461521.881 2461562.758,circular,0.0,2.137837018026972,1.096631182766037e-06,0.001409438943001545,0.6622179092448656,0.07558292731654605,0.06236146030914738,0.08368815393092394,1.197667201715489e-06,0.0014539991545898967,0.6872776254094927,5.182939606632536,2.1459581293852206
HD86081,free offset,5,2,2461497.839 2461501.886 2461514.765 2461521.881 2461562.758,circular,0.0,2.1378365244658144,1.112640190302978e-06,0.0014332052810019607,0.6560743235794196,0.0773921172907755,0.07298397770450304,0.08368815393092394,1.197667201715489e-06,0.0014539991545898967,0.6872776254094927,3.417970102816792,2.1459581293852206
HD86081,shared zero point,5,3,2461443.099 2461466.931 2461475.023 2461519.758 2461557.794,circular,0.0,2.137836692865578,1.0442508374162421e-06,0.0013931130382339883,0.6618088448352641,0.07117089145124357,0.055420202652715196,0.08368815393092394,1.197667201715489e-06,0.0014539991545898967,0.6872776254094927,5.153380529709241,2.1459581293852206
HD86081,free offset,5,3,2461443.099 2461466.931 2461475.023 2461519.758 2461557.794,circular,0.0,2.1378363684717274,9.649220798584683e-07,0.001383528458489232,0.6692924102177965,0.06462623493525038,0.05550915575465334,0.08368815393092394,1.197667201715489e-06,0.0014539991545898967,0.6872776254094927,3.4099828677211894,2.1459581293852206
HD86081,shared zero point,5,4,2461438.125 2461473.949 2461510.888 2461529.770 2461554.773,circular,0.0,2.137836796455761,9.9709180937214e-07,0.001374558495264148,0.6579988940146811,0.06692066087804917,0.04828817667590547,0.08368815393092394,1.197667201715489e-06,0.0014539991545898967,0.6872776254094927,5.090579789107447,2.1459581293852206
HD86081,free offset,5,4,2461438.125 2461473.949 2461510.888 2461529.770 2461554.773,circular,0.0,2.1378365661557877,9.097037041730859e-07,0.0013366450049154014,0.6526545190804087,0.059245468246562065,0.04982711724030934,0.08368815393092394,1.197667201715489e-06,0.0014539991545898967,0.6872776254094927,3.4180357152992986,2.1459581293852206
HD143105,free offset,3,0,2461453.047 2461525.020 2461601.916,circular,0.0,2.1977428250198026,6.976220309392043e-06,0.003821249023144403,2.0384979923871325,0.3619637371488132,0.34183312260308585,0.8847877206224474,1.6542782766665205e-05,0.003824661040045644,2.1383683955010655,6.927457763376611,6.585109225652298
HD143105,free offset,3,1,2461457.045 2461465.116 2461505.076,circular,0.0,2.1977344501983938,9.351476725975328e-06,0.003915135698606849,2.094990507114157,0.49471140869101504,0.46182400593031053,0.8847877206224474,1.6542782766665205e-05,0.003824661040045644,2.1383683955010655,6.919128087545508,6.585109225652298
HD143105,free offset,3,2,2461458.071 2461461.051 2461616.750,keplerian,0.03364344487094565,2.197743720715197,7.388862809770463e-06,0.006320811959965849,1.977903773948703,0.4028101694329579,0.4079810713151188,0.8847877206224474,1.6542782766665205e-05,0.003824661040045644,2.1383683955010655,6.485257662684301,6.585109225652298
HD143105,free offset,3,3,2461446.072 2461531.019 2461569.850,keplerian,0.03218236452593548,2.197742286625692,6.244398054884173e-06,0.0076166622217926335,1.8995682221493837,0.37813120670000855,0.30208923908986307,0.8847877206224474,1.6542782766665205e-05,0.003824661040045644,2.1383683955010655,6.6171515567909935,6.585109225652298
HD143105,free offset,3,4,2461452.040 2461480.018 2461596.864,keplerian,0.03166212876709877,2.197737990156655,7.292730788591743e-06,0.006838569126984078,2.01125253750379,0.39732965802135733,0.3865041292364425,0.8847877206224474,1.6542782766665205e-05,0.003824661040045644,2.1383683955010655,6.555153264637761,6.585109225652298
HD143105,free offset,4,0,2461438.132 2461443.060 2461492.139 2461610.902,circular,0.0,2.1977449699838405,7.514118084853584e-06,0.003883385324706804,1.8639091765365048,0.3919055604795908,0.36730015485042056,0.8847877206224474,1.6542782766665205e-05,0.003824661040045644,2.1383683955010655,6.885789096824003,6.585109225652298
HD143105,free offset,4,1,2461526.036 2461553.967 2461556.767 2461564.935,circular,0.0,2.1977370106378844,1.6089388256159364e-05,0.005049905743357492,1.9541232142380707,0.8564301505131438,0.8724564777522053,0.8847877206224474,1.6542782766665205e-05,0.003824661040045644,2.1383683955010655,6.8846343068120035,6.585109225652298
HD143105,free offset,4,2,2461459.097 2461477.123 2461494.073 2461594.952,circular,0.0,2.197743633254311,5.8517702973433005e-06,0.0036660595747662244,2.04153198507801,0.300950447776893,0.2769153333863539,0.8847877206224474,1.6542782766665205e-05,0.003824661040045644,2.1383683955010655,6.951144705891275,6.585109225652298
HD143105,free offset,4,3,2461559.906 2461574.864 2461591.759 2461598.941,circular,0.0,2.197741375329982,5.652620707626863e-06,0.003742576375994933,2.0152439353204215,0.2886687231229583,0.2651432766608247,0.8847877206224474,1.6542782766665205e-05,0.003824661040045644,2.1383683955010655,7.006473976162859,6.585109225652298
HD143105,free offset,4,4,2461458.080 2461492.925 2461502.975 2461507.106,circular,0.0,2.1977402003685538,5.749925985837494e-06,0.0036492710520946805,1.9250968874403418,0.2930066697025192,0.2707419517570246,0.8847877206224474,1.6542782766665205e-05,0.003824661040045644,2.1383683955010655,6.939192559446351,6.585109225652298
HD143105,free offset,5,0,2461441.086 2461446.064 2461465.010 2461474.034 2461580.957,circular,0.0,2.1977407756506016,5.427084017865942e-06,0.003572740445673742,1.8965706080691296,0.2762723042466473,0.2605153039801819,0.8847877206224474,1.6542782766665205e-05,0.003824661040045644,2.1383683955010655,6.882923897341563,6.585109225652298
HD143105,free offset,5,1,2461449.047 2461464.037 2461522.100 2461536.806 2461556.036,keplerian,0.03039092731598797,2.1977386409382547,6.246579973894245e-06,0.008030417611161267,1.8686800284535927,0.4009956569983154,0.2838530769360886,0.8847877206224474,1.6542782766665205e-05,0.003824661040045644,2.1383683955010655,6.583070831593641,6.585109225652298
HD143105,free offset,5,2,2461443.071 2461504.072 2461547.890 2461549.049 2461560.752,keplerian,0.031522940307132694,2.1977296996846865,4.991575740010013e-06,0.008051643314062237,1.9041352226408252,0.335436031820286,0.22298198442287787,0.8847877206224474,1.6542782766665205e-05,0.003824661040045644,2.1383683955010655,6.771355916229728,6.585109225652298
HD143105,free offset,5,3,2461466.127 2461489.092 2461572.905 2461588.775 2461612.791,circular,0.0,2.1977451516460085,5.965405722253683e-06,0.003690034102787831,1.936096643709662,0.30759903646674025,0.27650931525424033,0.8847877206224474,1.6542782766665205e-05,0.003824661040045644,2.1383683955010655,6.958959928801368,6.585109225652298
HD143105,free offset,5,4,2461458.093 2461530.909 2461572.880 2461591.917 2461605.837,circular,0.0,2.1977332856544205,4.720656961370718e-06,0.003233437932277507,1.8560319835915453,0.2397167127703183,0.25698143051334366,0.8847877206224474,1.6542782766665205e-05,0.003824661040045644,2.1383683955010655,6.012222791177248,6.585109225652298
HIP 86221,free offset,3,0,2461442.134 2461502.026 2461508.937,circular,0.0,2.2241981983798493,2.8599769250396436e-05,0.03654706158914195,7.893954420770943,0.9157972658738269,0.31729039664831477,5.324780325196103,0.0001702862534753376,0.02490460612628624,10.62284626288255,0.0,0.0
HIP 86221,free offset,3,1,2461441.158 2461543.031 2461600.821,circular,0.0,2.2241647107883753,2.406854341505456e-05,0.030735460750322997,7.511518443070697,0.7595521673399911,0.1746172323289326,5.324780325196103,0.0001702862534753376,0.02490460612628624,10.62284626288255,0.0,0.0
HIP 86221,free offset,3,2,2461448.091 2461456.126 2461465.121,circular,0.0,2.2241743073287514,1.674424907159324e-05,0.016206648094223924,5.508565526847107,0.4075145609430915,0.11308585175422857,5.324780325196103,0.0001702862534753376,0.02490460612628624,10.62284626288255,0.0,0.0
HIP 86221,free offset,3,3,2461496.030 2461578.043 2461611.757,circular,0.0,2.2241755843601063,1.9065720319495868e-05,0.009597543023037575,8.70668856151865,0.2373438103855946,0.14190280638044633,5.324780325196103,0.0001702862534753376,0.02490460612628624,10.62284626288255,0.0,0.0
HIP 86221,free offset,3,4,2461444.144 2461489.085 2461569.812,circular,0.0,2.224174714986656,1.4078591735479111e-05,0.0026865212666293864,1.3852808569301356,0.05638658911933462,0.0558777688341706,5.324780325196103,0.0001702862534753376,0.02490460612628624,10.62284626288255,0.0,0.0
HIP 86221,free offset,4,0,2461547.106 2461557.866 2461567.932 2461614.912,circular,0.0,2.224178305630673,1.2709548452672288e-05,0.0030892888733050784,0.46994807760020363,0.07225673243070066,0.08570926061732465,5.324780325196103,0.0001702862534753376,0.02490460612628624,10.62284626288255,0.0,0.0
HIP 86221,free offset,4,1,2461454.114 2461546.921 2461548.952 2461569.764,circular,0.0,2.2241947906247734,1.4155721389606685e-05,0.004740768747421376,2.826050601031266,0.11373926448716155,0.06110145490933644,5.324780325196103,0.0001702862534753376,0.02490460612628624,10.62284626288255,0.0,0.0
HIP 86221,free offset,4,2,2461439.150 2461444.113 2461452.140 2461506.931,circular,0.0,2.2241782939177357,1.4577053170055321e-05,0.0028544699116747735,0.76607600454189,0.05954763208541167,0.0641012163958817,5.324780325196103,0.0001702862534753376,0.02490460612628624,10.62284626288255,0.0,0.0
HIP 86221,free offset,4,3,2461533.923 2461543.076 2461546.866 2461600.884,circular,0.0,2.2241815507786513,1.5155229532411263e-05,0.005981299599556908,3.082978811208653,0.14547836649289286,0.08033365390248343,5.324780325196103,0.0001702862534753376,0.02490460612628624,10.62284626288255,0.0,0.0
HIP 86221,free offset,4,4,2461551.078 2461561.901 2461576.934 2461601.863,circular,0.0,2.2241678725226333,1.4269273673900983e-05,0.005758826824160565,1.445204426717805,0.13849205644975532,0.09645300560362725,5.324780325196103,0.0001702862534753376,0.02490460612628624,10.62284626288255,0.0,0.0
HIP 86221,free offset,5,0,2461445.106 2461469.146 2461476.141 2461570.939 2461574.808,circular,0.0,2.224173152196071,1.339770482791134e-05,0.002743840061917615,0.7231734752621137,0.0583297753319028,0.06314196985870196,5.324780325196103,0.0001702862534753376,0.02490460612628624,10.62284626288255,0.0,0.0
HIP 86221,free offset,5,1,2461511.928 2461527.932 2461584.800 2461590.895 2461611.926,circular,0.0,2.2241764901865,1.2682499825299452e-05,0.0026778729638422083,0.8275326056827361,0.060346384814589996,0.06512553409021322,5.324780325196103,0.0001702862534753376,0.02490460612628624,10.62284626288255,0.0,0.0
HIP 86221,free offset,5,2,2461482.089 2461484.073 2461512.027 2461584.905 2461607.919,circular,0.0,2.2241732990237075,1.4991268385259977e-05,0.0026728914043733895,0.8639284174743073,0.056382537974020035,0.05433708650413626,5.324780325196103,0.0001702862534753376,0.02490460612628624,10.62284626288255,0.0,0.0
HIP 86221,free offset,5,3,2461462.084 2461500.096 2461541.021 2461592.788 2461602.755,circular,0.0,2.2241771568937367,1.3990037946418431e-05,0.002932376610655418,0.8044460323347956,0.06553355591370466,0.068997997957611,5.324780325196103,0.0001702862534753376,0.02490460612628624,10.62284626288255,0.0,0.0
HIP 86221,free offset,5,4,2461443.160 2461479.148 2461485.023 2461557.857 2461559.840,circular,0.0,2.2241758329839207,1.607520904229393e-05,0.003137090631867618,0.8596480209326827,0.06601280751332746,0.06075032694182631,5.324780325196103,0.0001702862534753376,0.02490460612628624,10.62284626288255,0.0,0.0
HD 187123,shared zero point,3,0,2461542.056 2461550.899 2461562.050,circular,0.0,3.09660008961779,2.260781582477205e-06,0.0020073192894491925,0.27757068168990834,0.1082288071651561,0.10009452633602986,0.1122152019307405,2.3420673514617852e-06,0.0019597319348545073,0.2783851194532387,3.1571682948867985,1.5863419973137254
HD 187123,free offset,3,0,2461542.056 2461550.899 2461562.050,circular,0.0,3.096600215199553,2.2680048860601646e-06,0.0022180469377237394,0.27780489476598713,0.11208082762925736,0.10070203791479916,0.1122152019307405,2.3420673514617852e-06,0.0019597319348545073,0.2783851194532387,3.156748445450748,1.5863419973137254
HD 187123,shared zero point,3,1,2461481.129 2461515.030 2461561.908,circular,0.0,3.0965998495398903,2.2801727556752824e-06,0.002183512105486912,0.2775414745559626,0.11236736385482389,0.10122508840165098,0.1122152019307405,2.3420673514617852e-06,0.0019597319348545073,0.2783851194532387,3.1515220038779663,1.5863419973137254
HD 187123,free offset,3,1,2461481.129 2461515.030 2461561.908,circular,0.0,3.096599484591835,2.338741612926763e-06,0.0019257697149838143,0.27792871048074314,0.1114943969231936,0.11198354902349716,0.1122152019307405,2.3420673514617852e-06,0.0019597319348545073,0.2783851194532387,3.155611486505289,1.5863419973137254
HD 187123,shared zero point,3,2,2461490.066 2461500.072 2461609.794,circular,0.0,3.096599832317328,2.2595000884076884e-06,0.0021907076742027267,0.2765937026741273,0.1119221396187419,0.10263971001627012,0.1122152019307405,2.3420673514617852e-06,0.0019597319348545073,0.2783851194532387,3.115877120726698,1.5863419973137254
HD 187123,free offset,3,2,2461490.066 2461500.072 2461609.794,circular,0.0,3.09659987338374,2.272285902260597e-06,0.0020589266527528804,0.2771232345072384,0.10990993839014007,0.10281353663654551,0.1122152019307405,2.3420673514617852e-06,0.0019597319348545073,0.2783851194532387,3.1559687784308252,1.5863419973137254
HD 187123,shared zero point,3,3,2461563.894 2461571.873 2461573.017,circular,0.0,3.0965995446205135,2.291441876493575e-06,0.0021451330501948557,0.27568150630200455,0.11294461255632315,0.10742919143320638,0.1122152019307405,2.3420673514617852e-06,0.0019597319348545073,0.2783851194532387,3.115943002092336,1.5863419973137254
HD 187123,free offset,3,3,2461563.894 2461571.873 2461573.017,circular,0.0,3.096599542627268,2.3248732821138724e-06,0.001941757005059419,0.2764123113358514,0.11103598822915346,0.11080730642114936,0.1122152019307405,2.3420673514617852e-06,0.0019597319348545073,0.2783851194532387,3.1562409616809113,1.5863419973137254
HD 187123,shared zero point,3,4,2461496.126 2461529.036 2461564.085,circular,0.0,3.096599319984734,2.3028538975188093e-06,0.0021109543622214347,0.27540894473207533,0.1128436959345199,0.10827615313993164,0.1122152019307405,2.3420673514617852e-06,0.0019597319348545073,0.2783851194532387,3.126077334320341,1.5863419973137254
HD 187123,free offset,3,4,2461496.126 2461529.036 2461564.085,circular,0.0,3.0965993924577684,2.322553608812906e-06,0.0023647613485744236,0.2763638943838752,0.11777127587720931,0.10964803403400289,0.1122152019307405,2.3420673514617852e-06,0.0019597319348545073,0.2783851194532387,3.15691269458419,1.5863419973137254
HD 187123,shared zero point,4,0,2461477.137 2461515.126 2461560.037 2461570.068,circular,0.0,3.0965993918452295,2.2606691219884916e-06,0.002059800099691803,0.2755110560282211,0.1100215824100346,0.10430661588999503,0.1122152019307405,2.3420673514617852e-06,0.0019597319348545073,0.2783851194532387,3.1016639146553366,1.5863419973137254
HD 187123,free offset,4,0,2461477.137 2461515.126 2461560.037 2461570.068,circular,0.0,3.0965992689298463,2.3031554612061762e-06,0.0023323580434909297,0.2764337093330631,0.11619648944263143,0.10943769531071768,0.1122152019307405,2.3420673514617852e-06,0.0019597319348545073,0.2783851194532387,3.1565137919424875,1.5863419973137254
HD 187123,shared zero point,4,1,2461518.103 2461557.891 2461574.910 2461581.029,circular,0.0,3.0965996213923983,2.2996547585792996e-06,0.0022848700760693726,0.2737706659339601,0.11605976319417671,0.10851864983863402,0.1122152019307405,2.3420673514617852e-06,0.0019597319348545073,0.2783851194532387,3.1024832175299983,1.5863419973137254
HD 187123,free offset,4,1,2461518.103 2461557.891 2461574.910 2461581.029,circular,0.0,3.0965996760310146,2.3203918585624262e-06,0.0019838951598184136,0.2745668085886563,0.11149554802028819,0.109938933543389,0.1122152019307405,2.3420673514617852e-06,0.0019597319348545073,0.2783851194532387,3.1559992546434317,1.5863419973137254
HD 187123,shared zero point,4,2,2461480.111 2461485.081 2461500.097 2461603.970,circular,0.0,3.0965998291384795,2.2538931231044255e-06,0.002008876561150451,0.27545850854428544,0.10854127065996043,0.10242440533973317,0.1122152019307405,2.3420673514617852e-06,0.0019597319348545073,0.2783851194532387,3.117306273774736,1.5863419973137254
HD 187123,free offset,4,2,2461480.111 2461485.081 2461500.097 2461603.970,circular,0.0,3.096599864473798,2.2664070161885733e-06,0.0020447457647628157,0.27614216497065897,0.10936145468962406,0.10243978327969352,0.1122152019307405,2.3420673514617852e-06,0.0019597319348545073,0.2783851194532387,3.1560527871263315,1.5863419973137254
HD 187123,shared zero point,4,3,2461474.114 2461482.087 2461563.884 2461580.828,circular,0.0,3.0965992433987277,2.2853407638432875e-06,0.002258049901186425,0.2743806828563316,0.11450887734414654,0.10659275645058802,0.1122152019307405,2.3420673514617852e-06,0.0019597319348545073,0.2783851194532387,3.1137922425918085,1.5863419973137254
HD 187123,free offset,4,3,2461474.114 2461482.087 2461563.884 2461580.828,circular,0.0,3.096599268115788,2.2996460601057226e-06,0.0022890247196289703,0.27510137693184517,0.11522314911015197,0.1066667595513211,0.1122152019307405,2.3420673514617852e-06,0.0019597319348545073,0.2783851194532387,3.15652220313006,1.5863419973137254
HD 187123,shared zero point,4,4,2461483.089 2461500.067 2461535.125 2461595.815,circular,0.0,3.096599491515479,2.2245034330131757e-06,0.0020743121847628773,0.2760505648540392,0.10809261711717733,0.09898545360601989,0.1122152019307405,2.3420673514617852e-06,0.0019597319348545073,0.2783851194532387,3.106817676339406,1.5863419973137254
HD 187123,free offset,4,4,2461483.089 2461500.067 2461535.125 2461595.815,circular,0.0,3.0965995120309793,2.2398120898414877e-06,0.0019498380884112175,0.27686795634698613,0.10635751422755901,0.09910225385934095,0.1122152019307405,2.3420673514617852e-06,0.0019597319348545073,0.2783851194532387,3.1558592367655147,1.5863419973137254
HD 187123,shared zero point,5,0,2461505.129 2461539.994 2461569.009 2461607.824 2461616.796,circular,0.0,3.09659895075103,2.288184609028116e-06,0.0023517838925686983,0.27482126044416266,0.11586320474686645,0.1054992498154212,0.1122152019307405,2.3420673514617852e-06,0.0019597319348545073,0.2783851194532387,3.134815096386795,1.5863419973137254
HD 187123,free offset,5,0,2461505.129 2461539.994 2461569.009 2461607.824 2461616.796,circular,0.0,3.0965989603943447,2.2974158034406728e-06,0.0021465437423797426,0.27582822502249715,0.1125621376992686,0.10571433894635518,0.1122152019307405,2.3420673514617852e-06,0.0019597319348545073,0.2783851194532387,3.1591036071869865,1.5863419973137254
HD 187123,shared zero point,5,1,2461514.067 2461535.941 2461546.041 2461547.021 2461561.071,circular,0.0,3.096599685265158,2.251779344765995e-06,0.0019257515461191565,0.2741183670008561,0.10736066460173226,0.1027745452381882,0.1122152019307405,2.3420673514617852e-06,0.0019597319348545073,0.2783851194532387,3.101310751352295,1.5863419973137254
HD 187123,free offset,5,1,2461514.067 2461535.941 2461546.041 2461547.021 2461561.071,circular,0.0,3.0965997264070957,2.2704019282278685e-06,0.0020028577505570304,0.27513406610605623,0.10899694726386998,0.10301630259993132,0.1122152019307405,2.3420673514617852e-06,0.0019597319348545073,0.2783851194532387,3.15576155130351,1.5863419973137254
HD 187123,shared zero point,5,2,2461525.061 2461529.039 2461561.003 2461589.062 2461614.885,circular,0.0,3.0965999273297857,2.268880376767534e-06,0.0023043152309186717,0.2741497190322448,0.11421954279249072,0.10325234362611874,0.1122152019307405,2.3420673514617852e-06,0.0019597319348545073,0.2783851194532387,3.1203783676973766,1.5863419973137254
HD 187123,free offset,5,2,2461525.061 2461529.039 2461561.003 2461589.062 2461614.885,circular,0.0,3.0965999112960927,2.281145828193035e-06,0.002074471280640516,0.2747925089936872,0.11063422534021772,0.1039041525255597,0.1122152019307405,2.3420673514617852e-06,0.0019597319348545073,0.2783851194532387,3.156921453079721,1.5863419973137254
HD 187123,shared zero point,5,3,2461493.108 2461509.092 2461523.112 2461566.964 2461613.867,circular,0.0,3.0965994874415674,2.234246596538352e-06,0.001974213104454351,0.274795497769956,0.10736039551880763,0.10072877188470664,0.1122152019307405,2.3420673514617852e-06,0.0019597319348545073,0.2783851194532387,3.0879769224358737,1.5863419973137254
HD 187123,free offset,5,3,2461493.108 2461509.092 2461523.112 2461566.964 2461613.867,circular,0.0,3.0965994868801485,2.2539861135831918e-06,0.0019066074575921498,0.2763733348601048,0.10656994826661884,0.10079431071665602,0.1122152019307405,2.3420673514617852e-06,0.0019597319348545073,0.2783851194532387,3.155928185919978,1.5863419973137254
HD 187123,shared zero point,5,4,2461506.123 2461516.004 2461525.022 2461553.918 2461601.910,circular,0.0,3.096599741754897,2.2411966616840938e-06,0.002074448292395034,0.27620823103013203,0.10853600260881102,0.09831977606456134,0.1122152019307405,2.3420673514617852e-06,0.0019597319348545073,0.2783851194532387,3.1374478386073674,1.5863419973137254
HD 187123,free offset,5,4,2461506.123 2461516.004 2461525.022 2461553.918 2461601.910,circular,0.0,3.096599702804331,2.2618435112352842e-06,0.002007690037187066,0.2773268241508084,0.10837721691773569,0.10063305129410287,0.1122152019307405,2.3420673514617852e-06,0.0019597319348545073,0.2783851194532387,3.1567318503781254,1.5863419973137254
tau Boo,shared zero point,3,0,2461505.786 2461521.055 2461521.808,keplerian,0.020064615549841933,3.312437777223008,4.311095578840868e-06,0.009322023895926618,3.3756049572127074,0.2834065274047922,0.23685990234774076,0.32203566925744764,4.132416671816838e-06,0.010686110984412352,3.8793894795976023,16.680404061643454,13.965316314313158
tau Boo,free offset,3,0,2461505.786 2461521.055 2461521.808,keplerian,0.03184600863767315,3.3124470389332243,4.086809484663057e-06,0.010338949624098039,3.8132022252257105,0.31010888006548387,0.29456246133485364,0.32203566925744764,4.132416671816838e-06,0.010686110984412352,3.8793894795976023,23.780115501435056,13.965316314313158
tau Boo,shared zero point,3,1,2461493.896 2461583.753 2461606.837,keplerian,0.02772054813487545,3.312451368092436,4.117629366724596e-06,0.010727949690774794,3.941655183007105,0.316310414928608,0.2607605726721443,0.32203566925744764,4.132416671816838e-06,0.010686110984412352,3.8793894795976023,22.492085638932,13.965316314313158
tau Boo,free offset,3,1,2461493.896 2461583.753 2461606.837,keplerian,0.0317253042253043,3.31244676922448,4.094810136755007e-06,0.010627774957411702,3.874084981105358,0.3223678935370349,0.30131406017167744,0.32203566925744764,4.132416671816838e-06,0.010686110984412352,3.8793894795976023,23.85537802788861,13.965316314313158
tau Boo,shared zero point,3,2,2461467.969 2461507.053 2461532.013,keplerian,0.031133955754321513,3.3124470063478495,4.132441826395518e-06,0.010692273013355864,3.8794090823999645,0.32216027644700207,0.22555047334721512,0.32203566925744764,4.132416671816838e-06,0.010686110984412352,3.8793894795976023,23.54055683861642,13.965316314313158
tau Boo,free offset,3,2,2461467.969 2461507.053 2461532.013,keplerian,0.03178696902371966,3.3124456827937507,3.924706818751679e-06,0.010521229382692393,3.866953137991704,0.31286925872841453,0.2255891353037,0.32203566925744764,4.132416671816838e-06,0.010686110984412352,3.8793894795976023,24.5894372710588,13.965316314313158
tau Boo,shared zero point,3,3,2461527.913 2461535.031 2461588.883,keplerian,0.02047700401711706,3.312438794505827,4.2672868059833105e-06,0.0103988907995534,3.3759776396587795,0.30261075118897474,0.23514285089590206,0.32203566925744764,4.132416671816838e-06,0.010686110984412352,3.8793894795976023,16.666931769717394,13.965316314313158
tau Boo,free offset,3,3,2461527.913 2461535.031 2461588.883,keplerian,0.029456272744823816,3.3124470762971936,4.008015631483048e-06,0.01018633286883683,3.771951773008474,0.3000778488439639,0.2731422778824474,0.32203566925744764,4.132416671816838e-06,0.010686110984412352,3.8793894795976023,22.97031354259975,13.965316314313158
tau Boo,shared zero point,3,4,2461537.854 2461583.751 2461606.771,keplerian,0.027789895019815544,3.3124434677074066,4.1679309636682354e-06,0.010274082739192366,3.7563509931993706,0.3119767556183356,0.2741585635281687,0.32203566925744764,4.132416671816838e-06,0.010686110984412352,3.8793894795976023,21.6126908390909,13.965316314313158
tau Boo,free offset,3,4,2461537.854 2461583.751 2461606.771,keplerian,0.029976286885761018,3.3124485646645816,4.01697021440183e-06,0.010532557496748836,3.8618611701420287,0.3102325929151496,0.27419773489178384,0.32203566925744764,4.132416671816838e-06,0.010686110984412352,3.8793894795976023,22.43930341806665,13.965316314313158
tau Boo,shared zero point,4,0,2461492.896 2461495.975 2461529.979 2461595.781,keplerian,0.02291343101992163,3.31245495751884,4.118904079769367e-06,0.009897114272765123,3.572433772385879,0.28420548017781627,0.22539225337882154,0.32203566925744764,4.132416671816838e-06,0.010686110984412352,3.8793894795976023,17.04440992539641,13.965316314313158
tau Boo,free offset,4,0,2461492.896 2461495.975 2461529.979 2461595.781,keplerian,0.030335368746051347,3.3124487170334853,3.942189249998191e-06,0.010444497749337893,3.8365109131809976,0.31323083828106146,0.25523007792207086,0.32203566925744764,4.132416671816838e-06,0.010686110984412352,3.8793894795976023,22.46690472798025,13.965316314313158
tau Boo,shared zero point,4,1,2461475.892 2461484.860 2461499.804 2461544.941,keplerian,0.02659886857361981,3.312441037480967,4.1994032829825275e-06,0.010110385465077122,3.696885275898311,0.30915879305441213,0.20305622668007164,0.32203566925744764,4.132416671816838e-06,0.010686110984412352,3.8793894795976023,21.042113707542594,13.965316314313158
tau Boo,free offset,4,1,2461475.892 2461484.860 2461499.804 2461544.941,keplerian,0.029046160444681446,3.3124461165945527,3.841268467474824e-06,0.010325200616194439,3.7894535890269143,0.2991321908204837,0.21822073037334727,0.32203566925744764,4.132416671816838e-06,0.010686110984412352,3.8793894795976023,23.430856416253093,13.965316314313158
tau Boo,shared zero point,4,2,2461454.970 2461497.982 2461575.882 2461588.902,keplerian,0.028148281599918203,3.3124510273821492,4.109118463140169e-06,0.010558105480398696,3.860868359714124,0.31033331261077896,0.26267755974101614,0.32203566925744764,4.132416671816838e-06,0.010686110984412352,3.8793894795976023,20.894558290430645,13.965316314313158
tau Boo,free offset,4,2,2461454.970 2461497.982 2461575.882 2461588.902,keplerian,0.030263409153846555,3.312447783682207,3.983269232817355e-06,0.010575639322284995,3.7151933199947127,0.3114123903356892,0.2630856942270791,0.32203566925744764,4.132416671816838e-06,0.010686110984412352,3.8793894795976023,22.933236693019648,13.965316314313158
tau Boo,shared zero point,4,3,2461521.786 2461559.800 2461569.773 2461579.926,keplerian,0.023042076589434163,3.312454789661316,4.052112288097648e-06,0.00985074218196118,3.5650378481461233,0.28385112528183665,0.17052571783574874,0.32203566925744764,4.132416671816838e-06,0.010686110984412352,3.8793894795976023,17.022900139821783,13.965316314313158
tau Boo,free offset,4,3,2461521.786 2461559.800 2461569.773 2461579.926,keplerian,0.029604555805815336,3.3124488152231946,3.695787712142297e-06,0.010543597686527692,3.8742066598212865,0.2960757618426408,0.1883388208501498,0.32203566925744764,4.132416671816838e-06,0.010686110984412352,3.8793894795976023,22.2122283085753,13.965316314313158
tau Boo,shared zero point,4,4,2461438.114 2461447.136 2461464.083 2461589.767,keplerian,0.030666779018584205,3.31245004967025,4.037721859976231e-06,0.010948484498653502,3.9806650556127217,0.32542121036406535,0.1942317488145812,0.32203566925744764,4.132416671816838e-06,0.010686110984412352,3.8793894795976023,23.80023971369077,13.965316314313158
tau Boo,free offset,4,4,2461438.114 2461447.136 2461464.083 2461589.767,keplerian,0.03323066546456006,3.312446017748209,4.058843220486683e-06,0.010680740548703327,3.882153338197336,0.32787716597630784,0.26635239729604104,0.32203566925744764,4.132416671816838e-06,0.010686110984412352,3.8793894795976023,24.968066652718505,13.965316314313158
tau Boo,shared zero point,5,0,2461480.009 2461528.058 2461542.775 2461576.898 2461590.808,keplerian,0.028147083910943272,3.312451027694832,4.1090950878439665e-06,0.010583160450001388,3.860845283504355,0.31083484567720215,0.20330776442815562,0.32203566925744764,4.132416671816838e-06,0.010686110984412352,3.8793894795976023,20.894208743904326,13.965316314313158
tau Boo,free offset,5,0,2461480.009 2461528.058 2461542.775 2461576.898 2461590.808,keplerian,0.03197432651512117,3.3124472994900294,3.790191016804175e-06,0.010471107150394864,3.7441653251445874,0.30318981280609303,0.2061338122480465,0.32203566925744764,4.132416671816838e-06,0.010686110984412352,3.8793894795976023,23.620476874886673,13.965316314313158
tau Boo,shared zero point,5,1,2461479.096 2461526.030 2461547.959 2461573.841 2461594.765,keplerian,0.02006738026258973,3.3124377771753917,4.311101631815047e-06,0.009303970289264621,3.375617699260814,0.28308598522749,0.20344634275276768,0.32203566925744764,4.132416671816838e-06,0.010686110984412352,3.8793894795976023,16.680573171955775,13.965316314313158
tau Boo,free offset,5,1,2461479.096 2461526.030 2461547.959 2461573.841 2461594.765,keplerian,0.029223006867825183,3.3124490387857475,3.928489194582406e-06,0.010062065609270763,3.7460686144682107,0.2858877058905821,0.23492871898504078,0.32203566925744764,4.132416671816838e-06,0.010686110984412352,3.8793894795976023,22.044164593406958,13.965316314313158
tau Boo,shared zero point,5,2,2461472.072 2461487.016 2461535.778 2461573.810 2461583.847,keplerian,0.031133081740445715,3.312447006373213,4.1324317540364345e-06,0.010693841059193035,3.879384517477194,0.3221495436247141,0.2105324511410089,0.32203566925744764,4.132416671816838e-06,0.010686110984412352,3.8793894795976023,23.54012018758898,13.965316314313158
tau Boo,free offset,5,2,2461472.072 2461487.016 2461535.778 2461573.810 2461583.847,keplerian,0.029606280101039297,3.312447237610983,3.803230856525828e-06,0.010088033769887466,3.7371507515520914,0.29634634166823703,0.2105504777768126,0.32203566925744764,4.132416671816838e-06,0.010686110984412352,3.8793894795976023,23.322810459165368,13.965316314313158
tau Boo,shared zero point,5,3,2461441.126 2461500.060 2461595.852 2461605.832 2461611.758,keplerian,0.023044315443911337,3.312454789957948,4.052114455871425e-06,0.009843095838953205,3.5650364690449297,0.28371000550530806,0.1921654499540218,0.32203566925744764,4.132416671816838e-06,0.010686110984412352,3.8793894795976023,17.022870053071486,13.965316314313158
tau Boo,free offset,5,3,2461441.126 2461500.060 2461595.852 2461605.832 2461611.758,keplerian,0.030695019458265544,3.312446490028095,3.87900718561435e-06,0.010535301253627184,3.7774108187348645,0.31296416997308163,0.22880224072060937,0.32203566925744764,4.132416671816838e-06,0.010686110984412352,3.8793894795976023,23.837874592986964,13.965316314313158
tau Boo,shared zero point,5,4,2461464.011 2461512.903 2461534.931 2461572.830 2461594.815,keplerian,0.028146740975466218,3.312451027254694,4.109105833672762e-06,0.010549110431305202,3.8608479603680523,0.3103249415117535,0.17208309005383382,0.32203566925744764,4.132416671816838e-06,0.010686110984412352,3.8793894795976023,20.89422899127414,13.965316314313158
tau Boo,free offset,5,4,2461464.011 2461512.903 2461534.931 2461572.830 2461594.815,keplerian,0.027302342001325027,3.3124471751888205,3.592595992112619e-06,0.01009684669406266,3.7645030346434956,0.27999392850529203,0.1725718322818215,0.32203566925744764,4.132416671816838e-06,0.010686110984412352,3.8793894795976023,22.59354107029782,13.965316314313158
HD88133,shared zero point,3,0,2461448.119 2461525.768 2461561.805,circular,0.0,3.41484631296795,1.594745743128103e-05,0.009771830032292294,0.5686876415625354,0.6994759109588781,0.6409577418304506,0.7900435953479003,1.7915714627308965e-05,0.010117114627885606,0.5800792822402563,3.824386780160103,2.806086825203672
HD88133,free offset,3,0,2461448.119 2461525.768 2461561.805,circular,0.0,3.414845387714098,1.6103944346143402e-05,0.010189542353590183,0.5723406712377239,0.6982125803992311,0.6463246812997507,0.7900435953479003,1.7915714627308965e-05,0.010117114627885606,0.5800792822402563,3.8399272654563346,2.806086825203672
HD88133,shared zero point,3,1,2461472.770 2461541.834 2461558.837,circular,0.0,3.414854797822831,1.62988800673764e-05,0.010044074833364128,0.5680188149912585,0.7090948417763454,0.6722765791894669,0.7900435953479003,1.7915714627308965e-05,0.010117114627885606,0.5800792822402563,3.81085701356467,2.806086825203672
HD88133,free offset,3,1,2461472.770 2461541.834 2461558.837,circular,0.0,3.414854827440823,1.6401746401985975e-05,0.009885118330428806,0.5780134871500995,0.7187887630165979,0.6731875845537767,0.7900435953479003,1.7915714627308965e-05,0.010117114627885606,0.5800792822402563,3.8449807427885325,2.806086825203672
HD88133,shared zero point,3,2,2461453.941 2461464.898 2461531.868,circular,0.0,3.4148338623368537,1.573587399963977e-05,0.00958530188731404,0.5675715119296493,0.6910714440002742,0.6263813570065989,0.7900435953479003,1.7915714627308965e-05,0.010117114627885606,0.5800792822402563,3.8255953746367934,2.806086825203672
HD88133,free offset,3,2,2461453.941 2461464.898 2461531.868,circular,0.0,3.4148406763717998,1.656634831755277e-05,0.009769245705679667,0.5682354774400588,0.7296739076463682,0.6906062347971679,0.7900435953479003,1.7915714627308965e-05,0.010117114627885606,0.5800792822402563,3.841069457253637,2.806086825203672
HD88133,shared zero point,3,3,2461472.003 2461505.743 2461506.950,circular,0.0,3.4148535686945682,1.6145481502050354e-05,0.009521813148440481,0.565853830481333,0.7160491283039723,0.6553142004072563,0.7900435953479003,1.7915714627308965e-05,0.010117114627885606,0.5800792822402563,3.823144643416,2.806086825203672
HD88133,free offset,3,3,2461472.003 2461505.743 2461506.950,circular,0.0,3.414852443642479,1.7256518041629534e-05,0.009731459802821812,0.5742777491332656,0.7726482650653337,0.7347134745521923,0.7900435953479003,1.7915714627308965e-05,0.010117114627885606,0.5800792822402563,3.8422394144691006,2.806086825203672
HD88133,shared zero point,3,4,2461492.864 2461493.919 2461503.797,circular,0.0,3.4148549118598517,1.5980696423273667e-05,0.009948843575104203,0.5690429536467189,0.695452759460127,0.6512458890980733,0.7900435953479003,1.7915714627308965e-05,0.010117114627885606,0.5800792822402563,3.8141334518122165,2.806086825203672
HD88133,free offset,3,4,2461492.864 2461493.919 2461503.797,circular,0.0,3.4148513714762077,1.6666652185516542e-05,0.009519778067714698,0.5727067766604321,0.7426641455528333,0.6961292749101864,0.7900435953479003,1.7915714627308965e-05,0.010117114627885606,0.5800792822402563,3.841546060670649,2.806086825203672
HD88133,shared zero point,4,0,2461458.890 2461490.911 2461500.862 2461569.775,circular,0.0,3.4148411805932386,1.4347270262320454e-05,0.009591395048608304,0.5721244955234877,0.6168712233049336,0.5429503329960303,0.7900435953479003,1.7915714627308965e-05,0.010117114627885606,0.5800792822402563,3.822892077136366,2.806086825203672
HD88133,free offset,4,0,2461458.890 2461490.911 2461500.862 2461569.775,circular,0.0,3.4148404146588103,1.4770065952586743e-05,0.009861811175065429,0.5767570729086536,0.6347645738670549,0.565675340930764,0.7900435953479003,1.7915714627308965e-05,0.010117114627885606,0.5800792822402563,3.8414009957512842,2.806086825203672
HD88133,shared zero point,4,1,2461446.999 2461449.902 2461461.024 2461567.773,circular,0.0,3.41485597542439,1.4483240367845333e-05,0.009130493386880507,0.5661495771954361,0.6345663977455183,0.5501631797921697,0.7900435953479003,1.7915714627308965e-05,0.010117114627885606,0.5800792822402563,3.80345981250157,2.806086825203672
HD88133,free offset,4,1,2461446.999 2461449.902 2461461.024 2461567.773,circular,0.0,3.414853396982453,1.4956274682512313e-05,0.009667561166493425,0.5695380762045416,0.6473386022302696,0.5798624028564843,0.7900435953479003,1.7915714627308965e-05,0.010117114627885606,0.5800792822402563,3.8438781662414265,2.806086825203672
HD88133,shared zero point,4,2,2461499.954 2461536.878 2461568.769 2461574.779,circular,0.0,3.4148358378432,1.4698150697405152e-05,0.00949792649119397,0.5632688089651899,0.6387039141121118,0.5677018578111177,0.7900435953479003,1.7915714627308965e-05,0.010117114627885606,0.5800792822402563,3.7883328548373707,2.806086825203672
HD88133,free offset,4,2,2461499.954 2461536.878 2461568.769 2461574.779,circular,0.0,3.414842992869113,1.722303935700049e-05,0.009903613143522519,0.5647062802073046,0.7629503535191111,0.7456246134367327,0.7900435953479003,1.7915714627308965e-05,0.010117114627885606,0.5800792822402563,3.839808344108929,2.806086825203672
HD88133,shared zero point,4,3,2461458.031 2461480.889 2461513.889 2461557.757,circular,0.0,3.4148463151213644,1.4671674265443537e-05,0.010059509795468395,0.5684190604305759,0.6258652561061999,0.5642598744642257,0.7900435953479003,1.7915714627308965e-05,0.010117114627885606,0.5800792822402563,3.8244335842120596,2.806086825203672
HD88133,free offset,4,3,2461458.031 2461480.889 2461513.889 2461557.757,circular,0.0,3.4148470255069237,1.4886676253151816e-05,0.01005927984156366,0.5715917600203807,0.6371677898833763,0.5726765363710882,0.7900435953479003,1.7915714627308965e-05,0.010117114627885606,0.5800792822402563,3.8395847863352324,2.806086825203672
HD88133,shared zero point,4,4,2461463.846 2461513.729 2461516.921 2461533.893,circular,0.0,3.4148445641934178,1.375358159847238e-05,0.009544861952815125,0.5783042995530105,0.5884656457924313,0.5056530424382952,0.7900435953479003,1.7915714627308965e-05,0.010117114627885606,0.5800792822402563,3.838513735876122,2.806086825203672
HD88133,free offset,4,4,2461463.846 2461513.729 2461516.921 2461533.893,circular,0.0,3.414849715815583,1.4437608851313402e-05,0.009799704479999918,0.5776021959494129,0.6187147034207936,0.5483386987749929,0.7900435953479003,1.7915714627308965e-05,0.010117114627885606,0.5800792822402563,3.8400601836778203,2.806086825203672
HD88133,shared zero point,5,0,2461499.927 2461511.834 2461513.952 2461558.770 2461567.757,circular,0.0,3.414848764547868,1.398533365730606e-05,0.009873012397172028,0.5589825833698303,0.5935912130957015,0.5338033555567908,0.7900435953479003,1.7915714627308965e-05,0.010117114627885606,0.5800792822402563,3.7538560356643904,2.806086825203672
HD88133,free offset,5,0,2461499.927 2461511.834 2461513.952 2461558.770 2461567.757,circular,0.0,3.4148491251491158,1.432302525577032e-05,0.00915505121088067,0.5619053723779873,0.626501858076556,0.5503718092575033,0.7900435953479003,1.7915714627308965e-05,0.010117114627885606,0.5800792822402563,3.8396742119566323,2.806086825203672
HD88133,shared zero point,5,1,2461442.086 2461464.852 2461474.849 2461516.939 2461519.810,circular,0.0,3.414846048461706,1.4966642486294556e-05,0.010028353910669075,0.5547479068767891,0.6422235217798984,0.5815307540832565,0.7900435953479003,1.7915714627308965e-05,0.010117114627885606,0.5800792822402563,3.7831941394965902,2.806086825203672
HD88133,free offset,5,1,2461442.086 2461464.852 2461474.849 2461516.939 2461519.810,circular,0.0,3.4148504710604453,1.6098374421900976e-05,0.010232116083062907,0.5658108057658873,0.6981677130176804,0.6579681481116418,0.7900435953479003,1.7915714627308965e-05,0.010117114627885606,0.5800792822402563,3.8414744593121712,2.806086825203672
HD88133,shared zero point,5,2,2461458.998 2461472.055 2461478.970 2461501.980 2461518.853,circular,0.0,3.4148461854233765,1.3774648407563931e-05,0.009625669569094844,0.5549575134010032,0.5866798252264744,0.5209350743827965,0.7900435953479003,1.7915714627308965e-05,0.010117114627885606,0.5800792822402563,3.743768295810897,2.806086825203672
HD88133,free offset,5,2,2461458.998 2461472.055 2461478.970 2461501.980 2461518.853,circular,0.0,3.4148453641757346,1.4047774355488976e-05,0.00919985983671992,0.5659332228165352,0.6112428190985932,0.5335610734684421,0.7900435953479003,1.7915714627308965e-05,0.010117114627885606,0.5800792822402563,3.838900150101547,2.806086825203672
HD88133,shared zero point,5,3,2461476.035 2461477.014 2461492.923 2461506.957 2461561.784,circular,0.0,3.4148392185885466,1.4172242804976568e-05,0.009900550178624677,0.566680782675297,0.6041206422821527,0.5299189428553012,0.7900435953479003,1.7915714627308965e-05,0.010117114627885606,0.5800792822402563,3.796410739838112,2.806086825203672
HD88133,free offset,5,3,2461476.035 2461477.014 2461492.923 2461506.957 2461561.784,circular,0.0,3.4148347631561,1.557429257148828e-05,0.010087763101683089,0.5711666779700597,0.6708056435865216,0.6242218316449745,0.7900435953479003,1.7915714627308965e-05,0.010117114627885606,0.5800792822402563,3.848250539385358,2.806086825203672
HD88133,shared zero point,5,4,2461441.969 2461453.777 2461483.885 2461536.796 2461543.769,circular,0.0,3.4148368778677556,1.4370229955993573e-05,0.009463417851080189,0.5695852663056034,0.6214253205580376,0.535345865290521,0.7900435953479003,1.7915714627308965e-05,0.010117114627885606,0.5800792822402563,3.859796882873439,2.806086825203672
HD88133,free offset,5,4,2461441.969 2461453.777 2461483.885 2461536.796 2461543.769,circular,0.0,3.414836281641152,1.4481894087780662e-05,0.009670243089402338,0.5725725686196091,0.6231793952109852,0.537499390157213,0.7900435953479003,1.7915714627308965e-05,0.010117114627885606,0.5800792822402563,3.845809182919134,2.806086825203672
HD2638,free offset,3,0,2461582.066 2461593.110 2461596.010,circular,0.0,3.4433752934622763,2.2224721802689836e-05,0.010322736120016118,1.4094049392930117,1.2241630961535326,1.0245919105455348,2.468108422052512,4.4203043100280354e-05,0.010569400199740172,1.447568356755693,5.384654158244097,4.602174586941482
HD2638,free offset,3,1,2461569.094 2461601.079 2461604.026,circular,0.0,3.4434023783508154,2.611627597190301e-05,0.011000181399002478,1.4352225228421664,1.4413020088910593,1.219337435768483,2.468108422052512,4.4203043100280354e-05,0.010569400199740172,1.447568356755693,5.356350709280328,4.602174586941482
HD2638,free offset,3,2,2461592.048 2461599.045 2461604.989,circular,0.0,3.443420173349416,4.19077760841283e-05,0.012783457836783058,1.387871658430483,2.340751310899907,2.3696930196775674,2.468108422052512,4.4203043100280354e-05,0.010569400199740172,1.447568356755693,5.37094526651835,4.602174586941482
HD2638,free offset,3,3,2461574.115 2461585.075 2461595.007,circular,0.0,3.4434278689384836,4.3147123971785764e-05,0.013221157917486496,1.4684353364352014,2.408168392173914,2.3391477521631288,2.468108422052512,4.4203043100280354e-05,0.010569400199740172,1.447568356755693,5.385655794870697,4.602174586941482
HD2638,free offset,3,4,2461579.075 2461585.065 2461599.113,circular,0.0,3.4434401884380956,3.517424485318919e-05,0.01842130585490936,2.522594799418429,1.8986714713677255,0.8097746078025133,2.468108422052512,4.4203043100280354e-05,0.010569400199740172,1.447568356755693,10.116694200625883,4.602174586941482
HD2638,free offset,4,0,2461569.084 2461593.082 2461601.074 2461616.055,circular,0.0,3.4433988526295303,2.6044464980312927e-05,0.01782420921989624,2.4305603004515985,1.3732954543316187,0.6224233270083279,2.468108422052512,4.4203043100280354e-05,0.010569400199740172,1.447568356755693,10.358496710573684,4.602174586941482
HD2638,free offset,4,1,2461576.083 2461585.097 2461589.048 2461600.066,circular,0.0,3.4434082728133037,1.2853165456886162e-05,0.009426464349958315,1.3705935072923683,0.680310752468575,0.5961748736060144,2.468108422052512,4.4203043100280354e-05,0.010569400199740172,1.447568356755693,5.3547982105304435,4.602174586941482
HD2638,free offset,4,2,2461569.096 2461577.109 2461602.039 2461604.984,circular,0.0,3.443407689994802,1.3563020123480336e-05,0.010470154762677172,1.3646381521023256,0.7153755778461088,0.6083917517440115,2.468108422052512,4.4203043100280354e-05,0.010569400199740172,1.447568356755693,5.355180393394132,4.602174586941482
HD2638,free offset,4,3,2461569.115 2461580.055 2461600.094 2461604.978,circular,0.0,3.4434056073271972,1.5596242148467504e-05,0.010109719502953763,1.4189578483902285,0.8365297208484967,0.6952637203426311,2.468108422052512,4.4203043100280354e-05,0.010569400199740172,1.447568356755693,5.361583498213804,4.602174586941482
HD2638,free offset,4,4,2461570.082 2461602.091 2461615.066 2461615.989,circular,0.0,3.443378287665397,4.0635485435634066e-05,0.019533269213421186,2.5609280587848464,2.2137807714218294,0.9134545519810314,2.468108422052512,4.4203043100280354e-05,0.010569400199740172,1.447568356755693,10.522458558197146,4.602174586941482
HD2638,free offset,5,0,2461570.078 2461577.112 2461582.090 2461594.045 2461595.006,circular,0.0,3.443397725447211,3.363959746235745e-05,0.01866167116088851,2.3556131595400633,1.816321225176912,0.8340270427220338,2.468108422052512,4.4203043100280354e-05,0.010569400199740172,1.447568356755693,10.366569314578292,4.602174586941482
HD2638,free offset,5,1,2461570.073 2461583.113 2461599.012 2461600.098 2461609.107,circular,0.0,3.4434052972928186,2.163160921611204e-05,0.017575001219092,2.436358485821814,1.114150858435083,0.5176234797272541,2.468108422052512,4.4203043100280354e-05,0.010569400199740172,1.447568356755693,10.337035046718185,4.602174586941482
HD2638,free offset,5,2,2461579.082 2461581.065 2461588.112 2461610.082 2461612.041,circular,0.0,3.4434106045510964,1.3384619937996016e-05,0.009905024895606261,1.3918641067658264,0.7059049188066799,0.5597123809620163,2.468108422052512,4.4203043100280354e-05,0.010569400199740172,1.447568356755693,5.357753941171272,4.602174586941482
HD2638,free offset,5,3,2461579.114 2461580.075 2461586.093 2461607.025 2461615.996,circular,0.0,3.4434188532243932,2.4143405536152605e-05,0.01733436921187061,2.374812800702305,1.2661722141300018,0.5866801906320199,2.468108422052512,4.4203043100280354e-05,0.010569400199740172,1.447568356755693,10.232280322656921,4.602174586941482
HD2638,free offset,5,4,2461579.110 2461585.110 2461590.049 2461593.038 2461613.060,circular,0.0,3.4434017733483686,2.4217117691972208e-05,0.017692833583333168,2.47673066329859,1.2680443618635235,0.5685475181772826,2.468108422052512,4.4203043100280354e-05,0.010569400199740172,1.447568356755693,10.342496255144683,4.602174586941482
BD-10 3166,shared zero point,3,0,2461445.944 2461519.772 2461547.791,circular,0.0,3.4879425342566353,1.2725834387220304e-05,0.014424340818957678,1.1562235516911352,0.7341873844844126,0.3291813039696547,1.131777292988723,1.8843632743068074e-05,0.015080414230845175,1.239461355084254,5.206644648641176,0.0
BD-10 3166,free offset,3,0,2461445.944 2461519.772 2461547.791,circular,0.0,3.4879409403647057,1.7663867721181414e-05,0.015443403574760772,1.1967056591914704,1.0560339355122854,0.8176501664473524,1.131777292988723,1.8843632743068074e-05,0.015080414230845175,1.239461355084254,5.458660547262213,0.0
BD-10 3166,shared zero point,3,1,2461439.055 2461509.858 2461562.756,circular,0.0,3.487936791560443,1.1861638025074578e-05,0.012699756068821543,1.1717977080976048,0.6703450694994246,0.2148102228105893,1.131777292988723,1.8843632743068074e-05,0.015080414230845175,1.239461355084254,5.220647702197995,0.0
BD-10 3166,free offset,3,1,2461439.055 2461509.858 2461562.756,circular,0.0,3.48793660794176,1.208910808238496e-05,0.014054415075811207,1.2010475235610996,0.6776553541875924,0.23889881870530924,1.131777292988723,1.8843632743068074e-05,0.015080414230845175,1.239461355084254,5.464783710649412,0.0
BD-10 3166,shared zero point,3,2,2461469.026 2461522.853 2461562.809,circular,0.0,3.4879371123972014,1.122636617039633e-05,0.012486127030353266,1.1891978801625542,0.6269379303531163,0.26535482822539824,1.131777292988723,1.8843632743068074e-05,0.015080414230845175,1.239461355084254,5.241464919427634,0.0
BD-10 3166,free offset,3,2,2461469.026 2461522.853 2461562.809,circular,0.0,3.4879361548178154,1.1590463631189486e-05,0.012787499485434384,1.203368817369172,0.6532973563810931,0.27472888521039057,1.131777292988723,1.8843632743068074e-05,0.015080414230845175,1.239461355084254,5.469274273707965,0.0
BD-10 3166,shared zero point,3,3,2461449.061 2461466.891 2461576.773,circular,0.0,3.487939380109509,1.148753540595059e-05,0.010781658852871674,1.1877308907803568,0.6667908799056529,0.27760379726481166,1.131777292988723,1.8843632743068074e-05,0.015080414230845175,1.239461355084254,5.222388433157332,0.0
BD-10 3166,free offset,3,3,2461449.061 2461466.891 2461576.773,circular,0.0,3.4879394938061963,1.1874315069027942e-05,0.012848277698104522,1.2062030958353533,0.6705457591783555,0.2916439073430734,1.131777292988723,1.8843632743068074e-05,0.015080414230845175,1.239461355084254,5.462082538802767,0.0
BD-10 3166,shared zero point,3,4,2461454.955 2461524.923 2461570.790,circular,0.0,3.4879445179841695,1.322269472640996e-05,0.013239117147716587,1.169076915297709,0.7597534596986961,0.3423195397831208,1.131777292988723,1.8843632743068074e-05,0.015080414230845175,1.239461355084254,5.252988296097226,0.0
BD-10 3166,free offset,3,4,2461454.955 2461524.923 2461570.790,circular,0.0,3.487945810001404,1.5625196784580486e-05,0.014510036526587894,1.2133692058139502,0.9223351515155218,0.5065186509353473,1.131777292988723,1.8843632743068074e-05,0.015080414230845175,1.239461355084254,5.466782580525627,0.0
BD-10 3166,shared zero point,4,0,2461439.101 2461516.864 2461535.869 2461539.806,circular,0.0,3.48793549908644,1.2522919248271097e-05,0.012373358125540149,1.1377199297375733,0.7314521652191831,0.321324594367749,1.131777292988723,1.8843632743068074e-05,0.015080414230845175,1.239461355084254,5.1796742677918965,0.0
BD-10 3166,free offset,4,0,2461439.101 2461516.864 2461535.869 2461539.806,circular,0.0,3.487938820540221,1.3735318220519988e-05,0.013716656090890433,1.1469238961728,0.7978157068268894,0.3636146956636995,1.131777292988723,1.8843632743068074e-05,0.015080414230845175,1.239461355084254,5.4605314626656325,0.0
BD-10 3166,shared zero point,4,1,2461462.813 2461484.042 2461500.905 2461550.833,circular,0.0,3.487945970275546,1.2570348064174572e-05,0.012459041308080575,1.1401889388994075,0.7379762919167612,0.3198960414849193,1.131777292988723,1.8843632743068074e-05,0.015080414230845175,1.239461355084254,5.1753209632387405,0.0
BD-10 3166,free offset,4,1,2461462.813 2461484.042 2461500.905 2461550.833,circular,0.0,3.4879466283148832,1.4960585988763842e-05,0.014512075694007715,1.1836151208089258,0.8824598728502744,0.46581361185251086,1.131777292988723,1.8843632743068074e-05,0.015080414230845175,1.239461355084254,5.453900025880028,0.0
BD-10 3166,shared zero point,4,2,2461492.890 2461494.856 2461530.887 2461551.754,circular,0.0,3.4879382939341803,1.1777578838161233e-05,0.013130606197247272,1.147112512277251,0.6592592349065057,0.27688207087989164,1.131777292988723,1.8843632743068074e-05,0.015080414230845175,1.239461355084254,5.152840373257784,0.0
BD-10 3166,free offset,4,2,2461492.890 2461494.856 2461530.887 2461551.754,circular,0.0,3.487938027068973,1.207428747531403e-05,0.012925800178500266,1.191363695644808,0.6849384308418638,0.28861929012195153,1.131777292988723,1.8843632743068074e-05,0.015080414230845175,1.239461355084254,5.460854705554092,0.0
BD-10 3166,shared zero point,4,3,2461517.778 2461541.770 2461563.759 2461575.783,circular,0.0,3.487942323641893,1.2299645132030835e-05,0.012860154163495188,1.123085298576109,0.6997374172048771,0.31885978350198213,1.131777292988723,1.8843632743068074e-05,0.015080414230845175,1.239461355084254,5.138002226175932,0.0
BD-10 3166,free offset,4,3,2461517.778 2461541.770 2461563.759 2461575.783,circular,0.0,3.487942265529333,1.3406995200263883e-05,0.013629394647134113,1.1406312616982093,0.7786018335144018,0.35252593555514644,1.131777292988723,1.8843632743068074e-05,0.015080414230845175,1.239461355084254,5.45884908179063,0.0
BD-10 3166,shared zero point,4,4,2461455.925 2461465.912 2461482.948 2461564.769,circular,0.0,3.487939982452764,1.1755657378443102e-05,0.012785114548640479,1.1374019183830566,0.6693521680891817,0.29398119196827466,1.131777292988723,1.8843632743068074e-05,0.015080414230845175,1.239461355084254,5.131461592413017,0.0
BD-10 3166,free offset,4,4,2461455.925 2461465.912 2461482.948 2461564.769,circular,0.0,3.4879400197067425,1.199914551319307e-05,0.012976560303015458,1.1744792233176498,0.6836315695008196,0.29436276774253445,1.131777292988723,1.8843632743068074e-05,0.015080414230845175,1.239461355084254,5.455175857760751,0.0
BD-10 3166,shared zero point,5,0,2461454.044 2461471.988 2461484.912 2461516.735 2461546.854,circular,0.0,3.4879385578674955,1.1757608731070346e-05,0.01119147772986395,1.0972483143155913,0.6880272588047313,0.3034901149770959,1.131777292988723,1.8843632743068074e-05,0.015080414230845175,1.239461355084254,5.060792761320075,0.0
BD-10 3166,free offset,5,0,2461454.044 2461471.988 2461484.912 2461516.735 2461546.854,circular,0.0,3.487938688120676,1.2008846567122816e-05,0.012900064325723923,1.1483454534183604,0.6822376698658958,0.30359576343144073,1.131777292988723,1.8843632743068074e-05,0.015080414230845175,1.239461355084254,5.45720974826416,0.0
BD-10 3166,shared zero point,5,1,2461464.870 2461468.876 2461521.774 2461524.762 2461544.780,circular,0.0,3.487943410600555,1.1461136273950897e-05,0.012298003730712707,1.1046034659132926,0.6377339478993355,0.2592229613272552,1.131777292988723,1.8843632743068074e-05,0.015080414230845175,1.239461355084254,5.055412456196362,0.0
BD-10 3166,free offset,5,1,2461464.870 2461468.876 2461521.774 2461524.762 2461544.780,circular,0.0,3.487941431309764,1.5734842583555633e-05,0.014961158687801762,1.1227407856893716,0.933350003524213,0.563129116945211,1.131777292988723,1.8843632743068074e-05,0.015080414230845175,1.239461355084254,5.460040045694171,0.0
BD-10 3166,shared zero point,5,2,2461454.863 2461468.062 2461493.742 2461512.739 2461531.830,circular,0.0,3.4879397374683347,1.1388076795534646e-05,0.012516696461915213,1.1176354490699891,0.6378948550980517,0.25968530125311706,1.131777292988723,1.8843632743068074e-05,0.015080414230845175,1.239461355084254,5.1103830805461765,0.0
BD-10 3166,free offset,5,2,2461454.863 2461468.062 2461493.742 2461512.739 2461531.830,circular,0.0,3.487939868924293,1.2446425125823436e-05,0.013324632718552689,1.1370761519133898,0.7154788827661581,0.30628450793079726,1.131777292988723,1.8843632743068074e-05,0.015080414230845175,1.239461355084254,5.451414191563005,0.0
BD-10 3166,shared zero point,5,3,2461448.852 2461489.863 2461496.874 2461529.765 2461573.785,circular,0.0,3.4879428704459268,1.0365959564988831e-05,0.012019956688174748,1.1363915906202477,0.5704722776179161,0.24261744030120244,1.131777292988723,1.8843632743068074e-05,0.015080414230845175,1.239461355084254,5.081980924846281,0.0
BD-10 3166,free offset,5,3,2461448.852 2461489.863 2461496.874 2461529.765 2461573.785,circular,0.0,3.487943418853739,1.0733363897843369e-05,0.012361854629299993,1.1717070919475674,0.5967030171140326,0.25473887907538884,1.131777292988723,1.8843632743068074e-05,0.015080414230845175,1.239461355084254,5.460196591459484,0.0
BD-10 3166,shared zero point,5,4,2461438.063 2461440.109 2461484.873 2461535.746 2461540.776,circular,0.0,3.487936609729951,1.4012651053312345e-05,0.014048713088409793,1.076436579473893,0.8252164411597264,0.4330538311916082,1.131777292988723,1.8843632743068074e-05,0.015080414230845175,1.239461355084254,5.097719462744661,0.0
BD-10 3166,free offset,5,4,2461438.063 2461440.109 2461484.873 2461535.746 2461540.776,circular,0.0,3.4879367672436037,1.4399680943497529e-05,0.01427572297522272,1.0955948985419193,0.8477369609764167,0.4412699406662034,1.131777292988723,1.8843632743068074e-05,0.015080414230845175,1.239461355084254,5.480797412711009,0.0
HD149143,shared zero point,3,0,2461439.096 2461467.151 2461558.991,circular,0.0,4.071796729798739,1.0169477575118382e-05,0.005533435877240178,1.3701333528382058,0.3589847673775307,0.149107417050856,0.4591766150866965,1.2888093805213333e-05,0.006170292610314896,1.429674871602269,8.661077500543966,1.0670082161981815
HD149143,free offset,3,0,2461439.096 2461467.151 2461558.991,circular,0.0,4.0717968720932465,1.0318185279583448e-05,0.005845035778055916,1.378104316082062,0.35672793507413997,0.1590724701292393,0.4591766150866965,1.2888093805213333e-05,0.006170292610314896,1.429674871602269,8.571981749622587,1.0670082161981815
HD149143,shared zero point,3,1,2461478.010 2461517.985 2461602.827,circular,0.0,4.071797287286792,1.1098156375579287e-05,0.005329660361922835,1.3499266377115304,0.40170579220024766,0.17703727690280835,0.4591766150866965,1.2888093805213333e-05,0.006170292610314896,1.429674871602269,8.673337331559758,1.0670082161981815
HD149143,free offset,3,1,2461478.010 2461517.985 2461602.827,circular,0.0,4.071797094091211,1.1804254764757617e-05,0.006684698509939304,1.3643398744259883,0.4009213404989568,0.2665028629366012,0.4591766150866965,1.2888093805213333e-05,0.006170292610314896,1.429674871602269,8.570718111610166,1.0670082161981815
HD149143,shared zero point,3,2,2461505.979 2461542.882 2461584.017,circular,0.0,4.071797401675311,1.067857694410302e-05,0.006177667695751791,1.3993955589262808,0.36463475525823225,0.15174128904018278,0.4591766150866965,1.2888093805213333e-05,0.006170292610314896,1.429674871602269,8.685419314562173,1.0670082161981815
HD149143,free offset,3,2,2461505.979 2461542.882 2461584.017,circular,0.0,4.071796764166483,1.2429149744696271e-05,0.006370587741385252,1.37675001751443,0.433210546257757,0.4372127954224147,0.4591766150866965,1.2888093805213333e-05,0.006170292610314896,1.429674871602269,8.572412779843798,1.0670082161981815
HD149143,shared zero point,3,3,2461468.147 2461484.036 2461538.865,circular,0.0,4.071799123839042,1.0790184958266296e-05,0.005579631783677162,1.393127783466849,0.3844983634948812,0.17418805063468068,0.4591766150866965,1.2888093805213333e-05,0.006170292610314896,1.429674871602269,8.69674720977115,1.0670082161981815
HD149143,free offset,3,3,2461468.147 2461484.036 2461538.865,circular,0.0,4.071799736887765,1.0839649698915671e-05,0.005925244317419773,1.4077673412731857,0.37695909985650067,0.1804591165826782,0.4591766150866965,1.2888093805213333e-05,0.006170292610314896,1.429674871602269,8.575360636393444,1.0670082161981815
HD149143,shared zero point,3,4,2461466.047 2461563.955 2461614.879,circular,0.0,4.071795600062938,1.1749625525939998e-05,0.006256401724528099,1.3424471406760752,0.4078171210552919,0.25541872426404616,0.4591766150866965,1.2888093805213333e-05,0.006170292610314896,1.429674871602269,8.647392757739118,1.0670082161981815
HD149143,free offset,3,4,2461466.047 2461563.955 2461614.879,circular,0.0,4.071795770138584,1.1891514618058238e-05,0.0063115119349029195,1.3503152802844904,0.4119161130901864,0.27699709660528976,0.4591766150866965,1.2888093805213333e-05,0.006170292610314896,1.429674871602269,8.576978152654092,1.0670082161981815
HD149143,shared zero point,4,0,2461474.000 2461492.975 2461508.964 2461545.941,circular,0.0,4.071794146930449,1.179636906120308e-05,0.005703697112362592,1.357143938443029,0.4269565355446201,0.2340789555160831,0.4591766150866965,1.2888093805213333e-05,0.006170292610314896,1.429674871602269,8.62550059827231,1.0670082161981815
HD149143,free offset,4,0,2461474.000 2461492.975 2461508.964 2461545.941,circular,0.0,4.071794186488942,1.1901545081071162e-05,0.005745966119739282,1.38720636204218,0.43004686922669133,0.24113692114624688,0.4591766150866965,1.2888093805213333e-05,0.006170292610314896,1.429674871602269,8.604974894708285,1.0670082161981815
HD149143,shared zero point,4,1,2461497.941 2461518.919 2461534.976 2461568.778,circular,0.0,4.071795212095463,1.0348600862880398e-05,0.0055740519314277665,1.3812740305373952,0.36426808178523656,0.14075001988068403,0.4591766150866965,1.2888093805213333e-05,0.006170292610314896,1.429674871602269,8.562097458910928,1.0670082161981815
HD149143,free offset,4,1,2461497.941 2461518.919 2461534.976 2461568.778,circular,0.0,4.071794382621248,1.0634907722004058e-05,0.0065756280642943424,1.3687983088975904,0.3581761851029525,0.18017671643846836,0.4591766150866965,1.2888093805213333e-05,0.006170292610314896,1.429674871602269,8.58422940830124,1.0670082161981815
HD149143,shared zero point,4,2,2461513.052 2461515.030 2461556.092 2461572.802,circular,0.0,4.071794188289418,1.1501868977331553e-05,0.006241885529928042,1.3222544215870846,0.40155962140875695,0.25655220526537004,0.4591766150866965,1.2888093805213333e-05,0.006170292610314896,1.429674871602269,8.561133895986575,1.0670082161981815
HD149143,free offset,4,2,2461513.052 2461515.030 2461556.092 2461572.802,circular,0.0,4.071795098696058,1.1632039651195294e-05,0.0062725909798413805,1.3381116296168603,0.4026214454758368,0.2647554987808252,0.4591766150866965,1.2888093805213333e-05,0.006170292610314896,1.429674871602269,8.580869710725977,1.0670082161981815
HD149143,shared zero point,4,3,2461463.149 2461532.026 2461544.092 2461599.934,circular,0.0,4.0717973171480955,1.0357556814696987e-05,0.0055728836077134575,1.3506721828583583,0.3670421542885773,0.1459253732184126,0.4591766150866965,1.2888093805213333e-05,0.006170292610314896,1.429674871602269,8.635962634334255,1.0670082161981815
HD149143,free offset,4,3,2461463.149 2461532.026 2461544.092 2461599.934,circular,0.0,4.071797869645676,1.0464525336627312e-05,0.005841523164189717,1.3739129971776693,0.3629065818382968,0.14811817229004598,0.4591766150866965,1.2888093805213333e-05,0.006170292610314896,1.429674871602269,8.569084220821438,1.0670082161981815
HD149143,shared zero point,4,4,2461470.103 2461548.956 2461571.799 2461603.856,circular,0.0,4.071797987535813,1.0195186849154372e-05,0.005505479322893308,1.384407465024679,0.35849473659868525,0.13857993837336285,0.4591766150866965,1.2888093805213333e-05,0.006170292610314896,1.429674871602269,8.598737207079902,1.0670082161981815
HD149143,free offset,4,4,2461470.103 2461548.956 2461571.799 2461603.856,circular,0.0,4.071797016727331,1.0197794394741373e-05,0.00574833634286672,1.365603567341005,0.3528108944910548,0.15765825825222732,0.4591766150866965,1.2888093805213333e-05,0.006170292610314896,1.429674871602269,8.571215598828434,1.0670082161981815
HD149143,shared zero point,5,0,2461457.067 2461467.106 2461510.968 2461562.988 2461612.896,circular,0.0,4.071797595397721,1.0113693466728624e-05,0.006238027358246335,1.3307029719697625,0.3411123640174648,0.13690638772716024,0.4591766150866965,1.2888093805213333e-05,0.006170292610314896,1.429674871602269,8.547168147004669,1.0670082161981815
HD149143,free offset,5,0,2461457.067 2461467.106 2461510.968 2461562.988 2461612.896,circular,0.0,4.071797360024015,1.0452032531911981e-05,0.005824491702514789,1.34660967121398,0.3629447948808064,0.14900112399362334,0.4591766150866965,1.2888093805213333e-05,0.006170292610314896,1.429674871602269,8.569789560702521,1.0670082161981815
HD149143,shared zero point,5,1,2461454.056 2461456.084 2461534.119 2461543.903 2461602.901,circular,0.0,4.071795298432395,1.161660149037916e-05,0.006210043230414762,1.295437255565651,0.40539751590279305,0.26777052456099726,0.4591766150866965,1.2888093805213333e-05,0.006170292610314896,1.429674871602269,8.495085112231337,1.0670082161981815
HD149143,free offset,5,1,2461454.056 2461456.084 2461534.119 2461543.903 2461602.901,circular,0.0,4.0717963503552035,1.1685683369238656e-05,0.0063400787391132115,1.303746521378711,0.4029388031071708,0.27140562620671443,0.4591766150866965,1.2888093805213333e-05,0.006170292610314896,1.429674871602269,8.574101268941146,1.0670082161981815
HD149143,shared zero point,5,2,2461442.100 2461493.983 2461562.001 2461571.009 2461573.935,circular,0.0,4.071800390858421,1.0357317002077726e-05,0.006368389506487079,1.3220971471471348,0.3488455201226048,0.15445672062593577,0.4591766150866965,1.2888093805213333e-05,0.006170292610314896,1.429674871602269,8.598356078909026,1.0670082161981815
HD149143,free offset,5,2,2461442.100 2461493.983 2461562.001 2461571.009 2461573.935,circular,0.0,4.071801032419169,1.042169996017501e-05,0.005326805794332739,1.333654607471214,0.3716307740359784,0.15800181709140862,0.4591766150866965,1.2888093805213333e-05,0.006170292610314896,1.429674871602269,8.562609576025338,1.0670082161981815
HD149143,shared zero point,5,3,2461445.115 2461464.142 2461471.095 2461570.905 2461588.994,circular,0.0,4.071794941125009,1.0336852391588391e-05,0.0058245504932567145,1.36117947160614,0.36208619397186703,0.1550249045244969,0.4591766150866965,1.2888093805213333e-05,0.006170292610314896,1.429674871602269,8.521029774368582,1.0670082161981815
HD149143,free offset,5,3,2461445.115 2461464.142 2461471.095 2461570.905 2461588.994,circular,0.0,4.071794370750118,1.0119427326158428e-05,0.00670497346376343,1.338386835588106,0.335600795548088,0.15517727789752894,0.4591766150866965,1.2888093805213333e-05,0.006170292610314896,1.429674871602269,8.584523319344182,1.0670082161981815
HD149143,shared zero point,5,4,2461463.136 2461494.948 2461513.910 2461531.047 2461615.803,circular,0.0,4.071795735693283,1.0236443431266573e-05,0.005980838498385457,1.3612056617341053,0.35277868089852776,0.14907013398672833,0.4591766150866965,1.2888093805213333e-05,0.006170292610314896,1.429674871602269,8.498927734221663,1.0670082161981815
HD149143,free offset,5,4,2461463.136 2461494.948 2461513.910 2461531.047 2461615.803,circular,0.0,4.071795905904917,1.0305869668360672e-05,0.0054299084435322255,1.3410748249262407,0.3659403953998129,0.16881759546379047,0.4591766150866965,1.2888093805213333e-05,0.006170292610314896,1.429674871602269,8.575891649089034,1.0670082161981815
HD102195,shared zero point,3,0,2461456.933 2461552.806 2461589.772,keplerian,0.05817653420692255,4.113257317087359,3.3729131115178334e-05,0.030393842364829927,1.3866019908452247,1.5488073703844103,1.39150075200112,2.0006915355441537,4.260420262564834e-05,0.0333769652569977,1.4477833508093638,9.111722805982192,7.7579558691370645
HD102195,free offset,3,0,2461456.933 2461552.806 2461589.772,keplerian,0.05853850411951481,4.113258499895628,3.5565710684798075e-05,0.030735150489525583,1.4058523778144565,1.6099374355920477,1.4624998720996776,2.0006915355441537,4.260420262564834e-05,0.0333769652569977,1.4477833508093638,9.453073886277446,7.7579558691370645
HD102195,shared zero point,3,1,2461447.986 2461548.846 2461583.751,keplerian,0.05565725504577908,4.113261792091786,4.024864874824236e-05,0.032371816973139025,1.4028867123310291,1.8712807528321502,1.845773678041445,2.0006915355441537,4.260420262564834e-05,0.0333769652569977,1.4477833508093638,9.363920557985567,7.7579558691370645
HD102195,free offset,3,1,2461447.986 2461548.846 2461583.751,keplerian,0.05571892151899567,4.113261850916494,4.069223136529614e-05,0.03296860167734234,1.4126465833998834,1.909396612533042,1.861283846853095,2.0006915355441537,4.260420262564834e-05,0.0333769652569977,1.4477833508093638,9.407071083692355,7.7579558691370645
HD102195,shared zero point,3,2,2461449.056 2461482.898 2461483.950,keplerian,0.05809615578062659,4.113252875651634,3.0149797591865677e-05,0.031056035554841686,1.4195056622476339,1.436981507764754,1.1231360553958367,2.0006915355441537,4.260420262564834e-05,0.0333769652569977,1.4477833508093638,9.340299002611577,7.7579558691370645
HD102195,free offset,3,2,2461449.056 2461482.898 2461483.950,keplerian,0.056183580160843294,4.1132513618586986,3.0256405936502694e-05,0.031094169157001295,1.418510979779731,1.4455465483562913,1.1231443922033464,2.0006915355441537,4.260420262564834e-05,0.0333769652569977,1.4477833508093638,9.479998562439974,7.7579558691370645
HD102195,shared zero point,3,3,2461510.797 2461561.871 2461562.752,keplerian,0.06022186265598625,4.113239050514873,3.016290229921913e-05,0.0318055895113837,1.4364202439945277,1.4577026446373407,1.0925543653350274,2.0006915355441537,4.260420262564834e-05,0.0333769652569977,1.4477833508093638,9.526370286584948,7.7579558691370645
HD102195,free offset,3,3,2461510.797 2461561.871 2461562.752,keplerian,0.05988366955611132,4.113239622322349,3.0398368568833056e-05,0.032186212775358415,1.4430996881617464,1.4681449848761339,1.096884701321256,2.0006915355441537,4.260420262564834e-05,0.0333769652569977,1.4477833508093638,9.578712821577158,7.7579558691370645
HD102195,shared zero point,3,4,2461441.065 2461500.874 2461521.949,keplerian,0.05457196520185492,4.113242493970423,3.3314600235688836e-05,0.03150363826447571,1.4108816582948998,1.584150886934164,1.3101163405361358,2.0006915355441537,4.260420262564834e-05,0.0333769652569977,1.4477833508093638,9.124110281857563,7.7579558691370645
HD102195,free offset,3,4,2461441.065 2461500.874 2461521.949,keplerian,0.05466278325627945,4.113240975012431,3.42229615317921e-05,0.03243829404052642,1.429199534086204,1.6279569641707077,1.317972855029558,2.0006915355441537,4.260420262564834e-05,0.0333769652569977,1.4477833508093638,9.514104132565798,7.7579558691370645
HD102195,shared zero point,4,0,2461481.801 2461538.757 2461574.760 2461584.764,keplerian,0.05819222616129248,4.113259636689177,2.6509564494157984e-05,0.030758155372265106,1.4103868585067032,1.249322246535695,0.9566234145024188,2.0006915355441537,4.260420262564834e-05,0.0333769652569977,1.4477833508093638,9.180596426780115,7.7579558691370645
HD102195,free offset,4,0,2461481.801 2461538.757 2461574.760 2461584.764,keplerian,0.05605301496526749,4.113251463419411,2.9505454743423967e-05,0.03188947822325684,1.434760247754375,1.409198194766316,1.0843886535089073,2.0006915355441537,4.260420262564834e-05,0.0333769652569977,1.4477833508093638,9.511423820494528,7.7579558691370645
HD102195,shared zero point,4,1,2461462.110 2461553.839 2461557.781 2461579.805,circular,0.0,4.113219537835406,3.0330494036900283e-05,0.01482249012560183,1.4092653313156798,1.2217764029019502,1.1725403801097027,2.0006915355441537,4.260420262564834e-05,0.0333769652569977,1.4477833508093638,9.469941181413564,7.7579558691370645
HD102195,free offset,4,1,2461462.110 2461553.839 2461557.781 2461579.805,circular,0.0,4.113221922618979,3.199985110432203e-05,0.01519995719947683,1.4173714027594462,1.2987232859331126,1.2736307727445024,2.0006915355441537,4.260420262564834e-05,0.0333769652569977,1.4477833508093638,9.748432187238073,7.7579558691370645
HD102195,shared zero point,4,2,2461478.823 2461526.963 2461548.834 2461595.784,keplerian,0.05272452572870334,4.113224826516532,3.293461562531e-05,0.031235336610244108,1.3943487718092362,1.4938281634271509,1.2590093667709905,2.0006915355441537,4.260420262564834e-05,0.0333769652569977,1.4477833508093638,9.535316029670208,7.7579558691370645
HD102195,free offset,4,2,2461478.823 2461526.963 2461548.834 2461595.784,circular,0.0,4.113217130369676,3.520416676784683e-05,0.015576996327658013,1.410385718738649,1.4364315469149709,1.26007397838267,2.0006915355441537,4.260420262564834e-05,0.0333769652569977,1.4477833508093638,9.72556456581092,7.7579558691370645
HD102195,shared zero point,4,3,2461467.087 2461487.922 2461498.812 2461589.755,keplerian,0.05541509048461553,4.1132506149182095,3.0793314685974125e-05,0.03244260739243959,1.3982090441533626,1.5507148150807106,1.110692538279271,2.0006915355441537,4.260420262564834e-05,0.0333769652569977,1.4477833508093638,9.093481846321122,7.7579558691370645
HD102195,free offset,4,3,2461467.087 2461487.922 2461498.812 2461589.755,keplerian,0.05548703679044235,4.113251332223403,3.21807910019174e-05,0.032802490709737016,1.4282338084147224,1.614790610667943,1.1699780238541206,2.0006915355441537,4.260420262564834e-05,0.0333769652569977,1.4477833508093638,9.47711987216867,7.7579558691370645
HD102195,shared zero point,4,4,2461467.911 2461563.766 2461573.764 2461585.774,keplerian,0.053669211873295236,4.113254288300184,3.072363989972373e-05,0.03122096420041079,1.386098430973558,1.4520518304695589,1.178811266664292,2.0006915355441537,4.260420262564834e-05,0.0333769652569977,1.4477833508093638,9.1583273509241,7.7579558691370645
HD102195,free offset,4,4,2461467.911 2461563.766 2461573.764 2461585.774,keplerian,0.055822553512337884,4.113247250095905,3.1480340846611945e-05,0.031640917161585916,1.3872942771656245,1.4909525264980465,1.2087392681425344,2.0006915355441537,4.260420262564834e-05,0.0333769652569977,1.4477833508093638,9.496008380331494,7.7579558691370645
HD102195,shared zero point,5,0,2461444.952 2461477.042 2461532.949 2461538.802 2461594.782,circular,0.0,4.113235844149567,2.6631185314268226e-05,0.014744241941641525,1.4086395401406884,1.0538814088945636,0.9461996897967819,2.0006915355441537,4.260420262564834e-05,0.0333769652569977,1.4477833508093638,9.36696131979878,7.7579558691370645
HD102195,free offset,5,0,2461444.952 2461477.042 2461532.949 2461538.802 2461594.782,keplerian,0.05559617472770511,4.113247860649576,2.702396784228001e-05,0.03174717906963761,1.400252645835331,1.3686152908676046,0.9474849612968915,2.0006915355441537,4.260420262564834e-05,0.0333769652569977,1.4477833508093638,9.489037177468571,7.7579558691370645
HD102195,shared zero point,5,1,2461438.011 2461452.088 2461487.928 2461562.767 2461565.761,keplerian,0.059525567138088535,4.1132613868756165,3.0676025439722935e-05,0.03215698745567886,1.3849558370188404,1.5152900310954085,1.0984013829769244,2.0006915355441537,4.260420262564834e-05,0.0333769652569977,1.4477833508093638,9.021334279538415,7.7579558691370645
HD102195,free offset,5,1,2461438.011 2461452.088 2461487.928 2461562.767 2461565.761,keplerian,0.05740475151194124,4.11323994737693,3.8119125201209276e-05,0.03319300757137552,1.3912863066515906,1.8569140646395672,1.5662410705558878,2.0006915355441537,4.260420262564834e-05,0.0333769652569977,1.4477833508093638,9.554055073851362,7.7579558691370645
HD102195,shared zero point,5,2,2461440.062 2461447.056 2461495.785 2461555.784 2461580.775,keplerian,0.05920889406086985,4.113233684325785,2.661136876103551e-05,0.031408601687563535,1.4397269109568103,1.2997398637993696,0.8817119872107158,2.0006915355441537,4.260420262564834e-05,0.0333769652569977,1.4477833508093638,9.982011651619974,7.7579558691370645
HD102195,free offset,5,2,2461440.062 2461447.056 2461495.785 2461555.784 2461580.775,keplerian,0.062398956994091696,4.11323890322729,2.657565976066892e-05,0.03201588094881306,1.4442622641651575,1.3162513769115192,0.8987983126233178,2.0006915355441537,4.260420262564834e-05,0.0333769652569977,1.4477833508093638,9.526136541387546,7.7579558691370645
HD102195,shared zero point,5,3,2461442.011 2461465.059 2461466.928 2461518.811 2461595.782,keplerian,0.059875683420921914,4.1132484929654805,2.710908270093469e-05,0.030917915583821225,1.3880732900350714,1.2623259997871494,0.9794208376740978,2.0006915355441537,4.260420262564834e-05,0.0333769652569977,1.4477833508093638,9.202642855943752,7.7579558691370645
HD102195,free offset,5,3,2461442.011 2461465.059 2461466.928 2461518.811 2461595.782,keplerian,0.057595492520525274,4.113246024746711,2.77228787888119e-05,0.031289914201935186,1.3965921299198887,1.29473639142347,0.9829665944523966,2.0006915355441537,4.260420262564834e-05,0.0333769652569977,1.4477833508093638,9.53865402318066,7.7579558691370645
HD102195,shared zero point,5,4,2461450.018 2461465.049 2461503.838 2461563.853 2461591.759,keplerian,0.055083520627154464,4.1132442708207,2.8249341701517914e-05,0.030122666936344123,1.3600230370822526,1.3037936081791215,1.0821954700054968,2.0006915355441537,4.260420262564834e-05,0.0333769652569977,1.4477833508093638,8.924158064107216,7.7579558691370645
HD102195,free offset,5,4,2461450.018 2461465.049 2461503.838 2461563.853 2461591.759,keplerian,0.053532428902275865,4.1132402819419545,2.9466756702670666e-05,0.03068729861552759,1.3733514924536816,1.3575174505455339,1.1010727685960382,2.0006915355441537,4.260420262564834e-05,0.0333769652569977,1.4477833508093638,9.519398215942655,7.7579558691370645
51Peg,shared zero point,3,0,2461546.105 2461584.074 2461594.915,keplerian,0.009287741310264504,4.230792150147891,2.5286515868928815e-06,0.00282318780798642,0.13405023876101121,0.08613231313092952,0.08299973920999056,0.08679656239472006,2.5402052358808604e-06,0.002838268273434402,0.13462027732294604,2.273530069323449,0.0
51Peg,free offset,3,0,2461546.105 2461584.074 2461594.915,keplerian,0.009283600372165688,4.230792174392015,2.5326676967601554e-06,0.002829796151631585,0.1344047969920861,0.08653273305751906,0.08450584315217985,0.08679656239472006,2.5402052358808604e-06,0.002838268273434402,0.13462027732294604,2.3264642775636615,0.0
51Peg,shared zero point,3,1,2461557.109 2461562.036 2461604.085,keplerian,0.00924333240254674,4.23079213728789,2.5331764997319412e-06,0.0028825941416620797,0.13400557233291965,0.0877799057096891,0.08495421918262408,0.08679656239472006,2.5402052358808604e-06,0.002838268273434402,0.13462027732294604,2.291182484639347,0.0
51Peg,free offset,3,1,2461557.109 2461562.036 2461604.085,keplerian,0.009251686447524343,4.23079217250821,2.5365182598845934e-06,0.0027867431428336316,0.13453613799599756,0.08619614714082277,0.0856422177371799,0.08679656239472006,2.5402052358808604e-06,0.002838268273434402,0.13462027732294604,2.3264250071607386,0.0
51Peg,shared zero point,3,2,2461533.115 2461534.093 2461580.020,keplerian,0.009190051972923793,4.230792258831804,2.529107848674081e-06,0.002839302636034768,0.13420100060610926,0.08750801116804761,0.08445716579934713,0.08679656239472006,2.5402052358808604e-06,0.002838268273434402,0.13462027732294604,2.2813157587447486,0.0
51Peg,free offset,3,2,2461533.115 2461534.093 2461580.020,keplerian,0.009192731155980858,4.230792288045669,2.533738683062524e-06,0.0027894646616767383,0.13444621085942832,0.08688753094914692,0.08545754185738648,0.08679656239472006,2.5402052358808604e-06,0.002838268273434402,0.13462027732294604,2.3261632364269222,0.0
51Peg,shared zero point,3,3,2461543.100 2461560.087 2461570.056,keplerian,0.00932025843251725,4.230792263339765,2.526794677794082e-06,0.0028318121233532655,0.13391783637387214,0.08577137591281778,0.08322431998813734,0.08679656239472006,2.5402052358808604e-06,0.002838268273434402,0.13462027732294604,2.274792879819894,0.0
51Peg,free offset,3,3,2461543.100 2461560.087 2461570.056,keplerian,0.009313918637829094,4.230792255913011,2.5340266603115924e-06,0.00284205113007113,0.13419019521412404,0.0863471123566893,0.08522954232834348,0.08679656239472006,2.5402052358808604e-06,0.002838268273434402,0.13462027732294604,2.326079868852315,0.0
51Peg,shared zero point,3,4,2461588.077 2461600.019 2461605.932,keplerian,0.0091944637102725,4.230792121451156,2.528194933726508e-06,0.002820618492589508,0.13420781167559728,0.08751039554513237,0.0823748937600035,0.08679656239472006,2.5402052358808604e-06,0.002838268273434402,0.13462027732294604,2.2893449390160776,0.0
51Peg,free offset,3,4,2461588.077 2461600.019 2461605.932,keplerian,0.00919007011809768,4.230792248883525,2.5344875397499615e-06,0.0028639821382080693,0.13437387895483766,0.08830860434468563,0.08529802380069473,0.08679656239472006,2.5402052358808604e-06,0.002838268273434402,0.13462027732294604,2.326468045050259,0.0
51Peg,shared zero point,4,0,2461537.099 2461561.040 2461566.010 2461568.044,keplerian,0.009199559252697217,4.230792299054453,2.5238171403911465e-06,0.002797566703542373,0.13359322788409625,0.08648382909543884,0.08126721869827906,0.08679656239472006,2.5402052358808604e-06,0.002838268273434402,0.13462027732294604,2.262353663920572,0.0
51Peg,free offset,4,0,2461537.099 2461561.040 2461566.010 2461568.044,keplerian,0.009197930778616619,4.230792315938239,2.5267235626473153e-06,0.0028321457756416424,0.1339857730491448,0.0873404556727046,0.08154199618280808,0.08679656239472006,2.5402052358808604e-06,0.002838268273434402,0.13462027732294604,2.3272787055866755,0.0
51Peg,shared zero point,4,1,2461546.068 2461553.051 2461573.110 2461580.028,keplerian,0.009313521074099294,4.230792353549933,2.526430273963732e-06,0.0027447549638631667,0.13412112389203407,0.08616851090152164,0.08220876481174012,0.08679656239472006,2.5402052358808604e-06,0.002838268273434402,0.13462027732294604,2.270903376570214,0.0
51Peg,free offset,4,1,2461546.068 2461553.051 2461573.110 2461580.028,keplerian,0.009309196440283716,4.230792369844981,2.5287572640375865e-06,0.0028239791154461907,0.13442624075413392,0.0853940165293164,0.08227268966985615,0.08679656239472006,2.5402052358808604e-06,0.002838268273434402,0.13462027732294604,2.326909291480702,0.0
51Peg,shared zero point,4,2,2461550.075 2461573.992 2461578.054 2461597.070,keplerian,0.009250302630750292,4.230792267660815,2.5298571351823727e-06,0.0028739387254712234,0.13359259144031113,0.08737659015662634,0.08346779148081886,0.08679656239472006,2.5402052358808604e-06,0.002838268273434402,0.13462027732294604,2.2640038763438115,0.0
51Peg,free offset,4,2,2461550.075 2461573.992 2461578.054 2461597.070,keplerian,0.009249841582438828,4.230792289481097,2.5324855811259762e-06,0.0027661198522231085,0.13422562489822598,0.08562046915894322,0.08350049558176251,0.08679656239472006,2.5402052358808604e-06,0.002838268273434402,0.13462027732294604,2.3276608394096847,0.0
51Peg,shared zero point,4,3,2461545.099 2461557.062 2461570.982 2461607.914,keplerian,0.009243538516545049,4.2307922079114375,2.5251616821149416e-06,0.0027472953898466427,0.13361127907994555,0.08577472634949948,0.08215871538691151,0.08679656239472006,2.5402052358808604e-06,0.002838268273434402,0.13462027732294604,2.2586615178076372,0.0
51Peg,free offset,4,3,2461545.099 2461557.062 2461570.982 2461607.914,keplerian,0.009240794446053113,4.2307922415935755,2.5308060276105053e-06,0.002816110120003618,0.13440516079520648,0.0872389994079146,0.08367584504545958,0.08679656239472006,2.5402052358808604e-06,0.002838268273434402,0.13462027732294604,2.326922125648942,0.0
51Peg,shared zero point,4,4,2461550.064 2461565.109 2461588.953 2461594.998,keplerian,0.009197694714035927,4.230792257714562,2.524297521532997e-06,0.002888596798991329,0.13354704360503342,0.08791974179674364,0.08148401519269004,0.08679656239472006,2.5402052358808604e-06,0.002838268273434402,0.13462027732294604,2.2596070903931604,0.0
51Peg,free offset,4,4,2461550.064 2461565.109 2461588.953 2461594.998,keplerian,0.009201613406349451,4.230792270020752,2.527121727490071e-06,0.0027797154010201774,0.13403625505496364,0.08605065998032542,0.08148403286021269,0.08679656239472006,2.5402052358808604e-06,0.002838268273434402,0.13462027732294604,2.3266787526177843,0.0
51Peg,shared zero point,5,0,2461557.042 2461559.096 2461562.062 2461579.030 2461613.083,keplerian,0.009213557945522729,4.2307922279869885,2.5163235311307877e-06,0.0028099874877678924,0.13386018082205467,0.08728455107604499,0.08044378349060724,0.08679656239472006,2.5402052358808604e-06,0.002838268273434402,0.13462027732294604,2.265206253851376,0.0
51Peg,free offset,5,0,2461557.042 2461559.096 2461562.062 2461579.030 2461613.083,keplerian,0.009223747581557919,4.230792168399532,2.528265100118867e-06,0.0028034493457532225,0.1342994261347341,0.08743268734201878,0.08375817289246676,0.08679656239472006,2.5402052358808604e-06,0.002838268273434402,0.13462027732294604,2.325317882651556,0.0
51Peg,shared zero point,5,1,2461550.058 2461552.056 2461555.064 2461560.066 2461578.095,keplerian,0.00939447543778394,4.2307923065761495,2.51958903263379e-06,0.002830299340448892,0.13359021153081355,0.0871271814464194,0.07917440941124121,0.08679656239472006,2.5402052358808604e-06,0.002838268273434402,0.13462027732294604,2.251863059216277,0.0
51Peg,free offset,5,1,2461550.058 2461552.056 2461555.064 2461560.066 2461578.095,keplerian,0.009398796123699179,4.230792435469838,2.524471158942109e-06,0.002817954259803379,0.13393943531352406,0.08564690178017001,0.08007946382074783,0.08679656239472006,2.5402052358808604e-06,0.002838268273434402,0.13462027732294604,2.3284860829007252,0.0
51Peg,shared zero point,5,2,2461541.118 2461542.099 2461568.103 2461578.097 2461595.930,keplerian,0.009227150045441713,4.230792316367577,2.5219570162925797e-06,0.0028189153817254962,0.13363139194247328,0.0873914640857157,0.08139379220190092,0.08679656239472006,2.5402052358808604e-06,0.002838268273434402,0.13462027732294604,2.2565233546481362,0.0
51Peg,free offset,5,2,2461541.118 2461542.099 2461568.103 2461578.097 2461595.930,keplerian,0.009227665848441846,4.230792327424443,2.5269443213997217e-06,0.002806106634323022,0.1339821817323871,0.08739117818716059,0.08286042487121653,0.08679656239472006,2.5402052358808604e-06,0.002838268273434402,0.13462027732294604,2.326486191475866,0.0
51Peg,shared zero point,5,3,2461536.092 2461542.115 2461582.995 2461595.044 2461602.972,keplerian,0.009268678847146432,4.2307922231840225,2.524015691231364e-06,0.002849698156746823,0.1335788729611728,0.08651243864444151,0.08229765985932813,0.08679656239472006,2.5402052358808604e-06,0.002838268273434402,0.13462027732294604,2.2599936759285804,0.0
51Peg,free offset,5,3,2461536.092 2461542.115 2461582.995 2461595.044 2461602.972,keplerian,0.00922825658659675,4.230792268067788,2.5270326353336764e-06,0.002814516872522216,0.13425914801237343,0.0858894071629667,0.08265853624502417,0.08679656239472006,2.5402052358808604e-06,0.002838268273434402,0.13462027732294604,2.3269138503223035,0.0
51Peg,shared zero point,5,4,2461548.114 2461557.053 2461569.998 2461572.980 2461600.949,keplerian,0.00904244239399882,4.230791932719731,2.5198116749045137e-06,0.002714563462772982,0.13362799812809462,0.08529934772795904,0.080972102866104,0.08679656239472006,2.5402052358808604e-06,0.002838268273434402,0.13462027732294604,2.28028905710835,0.0
51Peg,free offset,5,4,2461548.114 2461557.053 2461569.998 2461572.980 2461600.949,keplerian,0.009052503434390811,4.230791999211344,2.5238147656042957e-06,0.0028627292787833354,0.1341862229272331,0.08822147404013005,0.08133400216842293,0.08679656239472006,2.5402052358808604e-06,0.002838268273434402,0.13462027732294604,2.3272968234570968,0.0
Pr0201,free offset,3,0,2461446.770 2461466.923 2461548.755,keplerian,0.29688083036064294,4.422420193418428,0.0009268216112047622,0.20944754301359886,8.597380737117795,28.04399544419445,6.507041366439039,284.78964822830744,0.009431612927493418,0.14597474070346209,9.55684031295346,20.579017835196968,13.803036716345751
Pr0201,free offset,3,1,2461444.976 2461451.937 2461526.837,keplerian,0.3115258977148515,4.430008283490781,0.0004204447960572386,0.16547212231635286,8.757354045456273,13.45015488729559,19.414679256073338,284.78964822830744,0.009431612927493418,0.14597474070346209,9.55684031295346,20.106586673242166,13.803036716345751
Pr0201,free offset,3,2,2461467.935 2461495.853 2461542.769,keplerian,0.33953453868315164,4.444117642371654,0.00014910562754322858,0.12370686993116398,8.832036893887093,3.3257947996131922,2.438170779754947,284.78964822830744,0.009431612927493418,0.14597474070346209,9.55684031295346,20.985811721152487,13.803036716345751
Pr0201,free offset,3,3,2461439.848 2461495.884 2461504.821,keplerian,0.3596935748867225,4.440277652636133,0.0005045714799066147,0.1664173884586372,9.998363468843884,15.849718714870662,9.366324549752372,284.78964822830744,0.009431612927493418,0.14597474070346209,9.55684031295346,20.384223720617832,13.803036716345751
Pr0201,free offset,3,4,2461478.927 2461480.920 2461518.751,circular,0.0,4.447664944793777,0.00019718329878579566,0.08574950938344729,8.321152379020603,5.434254728181319,1.9960464992915996,284.78964822830744,0.009431612927493418,0.14597474070346209,9.55684031295346,24.774779060220048,13.803036716345751
Pr0201,free offset,4,0,2461469.732 2461492.764 2461500.762 2461549.769,keplerian,0.32483257848527886,4.4338061663173045,0.0008508135730151143,0.2656781140191332,9.053029045940725,26.499113651368152,17.589020864108765,284.78964822830744,0.009431612927493418,0.14597474070346209,9.55684031295346,20.05961357503765,13.803036716345751
Pr0201,free offset,4,1,2461467.711 2461472.812 2461502.857 2461508.752,circular,0.0,2.2238493267081596,0.0002603866842852667,0.17759980619372503,12.791984350227128,15.067296825328809,2.3730882698832385,284.78964822830744,0.009431612927493418,0.14597474070346209,9.55684031295346,48.348191676094544,13.803036716345751
Pr0201,free offset,4,2,2461440.067 2461468.827 2461474.909 2461505.884,circular,0.0,4.543568032291093,0.0006501269150413116,0.2660942986853564,11.155800137271251,17.92913507495365,6.18234757413566,284.78964822830744,0.009431612927493418,0.14597474070346209,9.55684031295346,43.81207830009474,13.803036716345751
Pr0201,free offset,4,3,2461484.728 2461512.846 2461513.743 2461520.774,circular,0.0,4.476307457694287,0.0003254811490496186,0.11168032479683965,8.910492302087398,9.298213192344946,2.1218739034216614,284.78964822830744,0.009431612927493418,0.14597474070346209,9.55684031295346,30.606213758112226,13.803036716345751
Pr0201,free offset,4,4,2461496.906 2461512.778 2461524.862 2461535.835,circular,0.0,4.346135254459018,0.00031597214999954575,0.14979998138166387,10.706563157999566,8.91137339983586,4.946456055665682,284.78964822830744,0.009431612927493418,0.14597474070346209,9.55684031295346,38.22489496762099,13.803036716345751
Pr0201,free offset,5,0,2461475.873 2461498.793 2461517.789 2461523.733 2461530.813,circular,0.0,2.2473594346383257,0.000256923001122425,0.22997280376876775,11.261740531178388,14.057101952714898,1.5926883209807117,284.78964822830744,0.009431612927493418,0.14597474070346209,9.55684031295346,47.84614259166994,13.803036716345751
Pr0201,free offset,5,1,2461481.830 2461491.900 2461501.872 2461532.742 2461544.761,circular,0.0,4.4981605661343,0.00045875936543186916,0.15599675955873757,9.358564694795874,13.217681883247895,4.376401815449792,284.78964822830744,0.009431612927493418,0.14597474070346209,9.55684031295346,35.83618570160087,13.803036716345751
Pr0201,free offset,5,2,2461443.780 2461473.854 2461498.791 2461503.842 2461516.773,keplerian,0.6407917113892526,6.719480972078899,0.0006155809659769817,0.2743024418562429,23.796708317211262,8.565428435987059,1.5620948650293114,284.78964822830744,0.009431612927493418,0.14597474070346209,9.55684031295346,36.48218607503906,13.803036716345751
Pr0201,free offset,5,3,2461450.799 2461458.858 2461511.894 2461517.784 2461531.738,circular,0.0,1.2885484772199396,3.119481289902124e-05,0.03916033231140927,9.553299408262133,3.1210735293043674,1.7236510144045283,284.78964822830744,0.009431612927493418,0.14597474070346209,9.55684031295346,35.36508050707181,13.803036716345751
Pr0201,free offset,5,4,2461464.799 2461488.836 2461501.826 2461513.792 2461537.796,circular,0.0,1.5746140990110167,9.379808500999432e-05,0.0951370060412467,11.441176632602613,7.620869462526083,6.5911840281130605,284.78964822830744,0.009431612927493418,0.14597474070346209,9.55684031295346,45.316325987138406,13.803036716345751
HD 103720,free offset,3,0,2461528.952 2461536.877 2461545.830,keplerian,0.08920022229660243,4.555780073885457,3.652211295162693e-05,0.03897042241659978,1.9801437825479726,1.4101997348799928,0.9946869831620105,1.5088581925022782,4.237970183324551e-05,0.040242052108141614,2.009008946847338,13.057368078152692,8.625843652195389
HD 103720,free offset,3,1,2461539.808 2461557.792 2461570.777,keplerian,0.09053625266583512,4.555771413932707,4.173090644895659e-05,0.038304219298613384,1.9767609458549062,1.4615252818476898,1.4836051492069289,1.5088581925022782,4.237970183324551e-05,0.040242052108141614,2.009008946847338,12.937047735874042,8.625843652195389
HD 103720,free offset,3,2,2461545.924 2461552.763 2461578.767,keplerian,0.09070976147024057,4.555780900473871,3.5315523562296466e-05,0.03901162142550516,1.9885064568596107,1.3335162646342966,0.9356680759991046,1.5088581925022782,4.237970183324551e-05,0.040242052108141614,2.009008946847338,13.02711050525456,8.625843652195389
HD 103720,free offset,3,3,2461471.121 2461534.836 2461554.831,keplerian,0.09099691504523415,4.555770617582222,3.4264834526561695e-05,0.03976581145549894,1.9874848005648433,1.3281260949202132,0.8788130790281627,1.5088581925022782,4.237970183324551e-05,0.040242052108141614,2.009008946847338,12.924937082195344,8.625843652195389
HD 103720,free offset,3,4,2461474.861 2461538.943 2461565.836,keplerian,0.08947250542487056,4.555770781609532,4.257930227109692e-05,0.03860861468755361,2.0185774116011093,1.4943543652280296,1.5045844126175816,1.5088581925022782,4.237970183324551e-05,0.040242052108141614,2.009008946847338,12.930197527792465,8.625843652195389
HD 103720,free offset,4,0,2461445.103 2461514.913 2461517.876 2461562.839,keplerian,0.09078483465156434,4.555771133300626,3.9063727253161435e-05,0.039353333523055346,1.9176727685124746,1.434539230324216,1.223508238468895,1.5088581925022782,4.237970183324551e-05,0.040242052108141614,2.009008946847338,12.930800826053966,8.625843652195389
HD 103720,free offset,4,1,2461451.997 2461523.741 2461552.897 2461587.761,keplerian,0.08991143143917613,4.555764827673944,3.7386133161035324e-05,0.03886658874628903,1.9736673037666708,1.3133493420039604,1.0572791316646628,1.5088581925022782,4.237970183324551e-05,0.040242052108141614,2.009008946847338,12.836563952004198,8.625843652195389
HD 103720,free offset,4,2,2461448.895 2461470.916 2461493.930 2461527.935,keplerian,0.09080123644109528,4.555775453076263,3.49003019059798e-05,0.038204888124840394,1.9706148035964723,1.306559271838153,0.9066549216840822,1.5088581925022782,4.237970183324551e-05,0.040242052108141614,2.009008946847338,12.997501534800637,8.625843652195389
HD 103720,free offset,4,3,2461452.931 2461473.103 2461476.064 2461530.756,keplerian,0.09124646231239941,4.555785398851057,3.480237990767553e-05,0.0394347719365923,1.9717799362981012,1.3643459730123018,0.8971698259427205,1.5088581925022782,4.237970183324551e-05,0.040242052108141614,2.009008946847338,13.131191282123105,8.625843652195389
HD 103720,free offset,4,4,2461441.957 2461529.900 2461565.819 2461570.840,keplerian,0.09253443698629345,4.555764151873001,3.90959982640842e-05,0.038554497034809794,1.9727710646995906,1.35872769621822,1.199681414874735,1.5088581925022782,4.237970183324551e-05,0.040242052108141614,2.009008946847338,12.824806738594907,8.625843652195389
HD 103720,free offset,5,0,2461466.118 2461498.769 2461516.871 2461568.811 2461590.770,keplerian,0.09104635386279028,4.555781029374052,3.2996272999457845e-05,0.036507973598995824,1.961983138365088,1.2492955778456332,0.8140106408631909,1.5088581925022782,4.237970183324551e-05,0.040242052108141614,2.009008946847338,13.073341130598303,8.625843652195389
HD 103720,free offset,5,1,2461459.135 2461475.044 2461490.942 2461492.774 2461525.750,keplerian,0.09323149480738087,4.555780669174702,3.122941511333177e-05,0.04077211273235093,1.9527564286808643,1.2803815494779536,0.7328397581872482,1.5088581925022782,4.237970183324551e-05,0.040242052108141614,2.009008946847338,13.058359587952637,8.625843652195389
HD 103720,free offset,5,2,2461476.868 2461500.788 2461501.884 2461527.913 2461553.864,keplerian,0.09258644588852412,4.555773937213737,3.5469409608115305e-05,0.03969319331045163,1.9036035401655818,1.3685513974994317,0.9584483178049312,1.5088581925022782,4.237970183324551e-05,0.040242052108141614,2.009008946847338,12.966000076386088,8.625843652195389
HD 103720,free offset,5,3,2461454.111 2461473.030 2461510.944 2461588.804 2461593.784,keplerian,0.08971958586424032,4.555759107620236,3.195986496215666e-05,0.0394338180611717,1.9363626181774551,1.2417261611070765,0.7862349199563016,1.5088581925022782,4.237970183324551e-05,0.040242052108141614,2.009008946847338,12.793664070505649,8.625843652195389
HD 103720,free offset,5,4,2461438.016 2461456.967 2461470.835 2461493.900 2461572.768,keplerian,0.09115412245634595,4.555771850775589,3.469092760266346e-05,0.03741073412718989,1.9403126228141527,1.2629448837667554,0.9129618703615304,1.5088581925022782,4.237970183324551e-05,0.040242052108141614,2.009008946847338,12.947244438288715,8.625843652195389
ups And,shared zero point,3,0,2461586.053 2461595.095 2461599.044,circular,0.0,4.61711499761622,2.7403256597953313e-05,0.015966020574726954,1.4093156002811194,0.9958334907091206,0.7301614608393318,0.9942670982074303,2.749625941752542e-05,0.015320947812931316,1.411601186170522,44.72224291637707,2.95037643896862
ups And,free offset,3,0,2461586.053 2461595.095 2461599.044,circular,0.0,4.617114281428933,2.742280793635212e-05,0.01534083320921428,1.4107699419664474,0.991572611278772,0.7633119862457739,0.9942670982074303,2.749625941752542e-05,0.015320947812931316,1.411601186170522,44.97960696778049,2.95037643896862
ups And,shared zero point,3,1,2461451.746 2461590.073 2461608.057,circular,0.0,4.617114945167415,2.7413760613240106e-05,0.015209830355310814,1.4091711527340924,0.9895555788923177,0.7960364315240817,0.9942670982074303,2.749625941752542e-05,0.015320947812931316,1.411601186170522,44.73055969778307,2.95037643896862
ups And,free offset,3,1,2461451.746 2461590.073 2461608.057,circular,0.0,4.617114328361952,2.7445971406191328e-05,0.015318474277225618,1.4107627900860356,0.9923504445816027,0.8379755126580144,0.9942670982074303,2.749625941752542e-05,0.015320947812931316,1.411601186170522,44.97916495063622,2.95037643896862
ups And,shared zero point,3,2,2461437.793 2461606.022 2461607.035,circular,0.0,4.617115092913851,2.7386724698385244e-05,0.015190254736606866,1.4093735932881584,0.9882814012374308,0.7207983861351694,0.9942670982074303,2.749625941752542e-05,0.015320947812931316,1.411601186170522,44.72061320434974,2.95037643896862
ups And,free offset,3,2,2461437.793 2461606.022 2461607.035,circular,0.0,4.617114333905343,2.7410812294437487e-05,0.015134965036279476,1.4093537333026802,0.9893447405857845,0.7335218719302377,0.9942670982074303,2.749625941752542e-05,0.015320947812931316,1.411601186170522,44.9794630338743,2.95037643896862
ups And,shared zero point,3,3,2461578.088 2461608.007 2461611.069,circular,0.0,4.61711484674812,2.7378788443355713e-05,0.015303617190529924,1.409480516159728,0.9889387822128765,0.6801516075671493,0.9942670982074303,2.749625941752542e-05,0.015320947812931316,1.411601186170522,44.72246843102274,2.95037643896862
ups And,free offset,3,3,2461578.088 2461608.007 2461611.069,circular,0.0,4.6171141617950795,2.7399227167261154e-05,0.015366570530899865,1.4096595680278028,0.9908489718088869,0.685155220070699,0.9942670982074303,2.749625941752542e-05,0.015320947812931316,1.411601186170522,44.97964784285327,2.95037643896862
ups And,shared zero point,3,4,2461580.064 2461594.080 2461613.098,circular,0.0,4.617114597194312,2.7320892840240434e-05,0.01571452187022055,1.4097287704141699,0.9898988779920221,0.6176076542649034,0.9942670982074303,2.749625941752542e-05,0.015320947812931316,1.411601186170522,44.732147233340974,2.95037643896862
ups And,free offset,3,4,2461580.064 2461594.080 2461613.098,circular,0.0,4.617114155591553,2.7452734811708687e-05,0.015326950903304467,1.4106421071230182,0.9926606597372322,0.8651434556987554,0.9942670982074303,2.749625941752542e-05,0.015320947812931316,1.411601186170522,44.97943668971513,2.95037643896862
ups And,shared zero point,4,0,2461578.089 2461583.099 2461592.032 2461612.020,circular,0.0,4.617115051652489,2.7312214010421704e-05,0.015722013079722062,1.4091263663829228,0.9898026399125763,0.5860750169260999,0.9942670982074303,2.749625941752542e-05,0.015320947812931316,1.411601186170522,44.324736783664314,2.95037643896862
ups And,free offset,4,0,2461578.089 2461583.099 2461592.032 2461612.020,circular,0.0,4.617114122500841,2.7330120786642198e-05,0.015432093240477524,1.4100201287148624,0.988649044564456,0.5864839927370589,0.9942670982074303,2.749625941752542e-05,0.015320947812931316,1.411601186170522,44.979510892951836,2.95037643896862
ups And,shared zero point,4,1,2461459.728 2461600.086 2461608.040 2461612.083,circular,0.0,4.61711507966411,2.7179440560909597e-05,0.01579273040361317,1.409997955009918,0.9847323852612933,0.47603177172614447,0.9942670982074303,2.749625941752542e-05,0.015320947812931316,1.411601186170522,44.323282960070046,2.95037643896862
ups And,free offset,4,1,2461459.728 2461600.086 2461608.040 2461612.083,circular,0.0,4.617113918523116,2.7283357320714774e-05,0.015288553694130135,1.4100521647547435,0.9854874584677733,0.5263700733836577,0.9942670982074303,2.749625941752542e-05,0.015320947812931316,1.411601186170522,44.97943127793524,2.95037643896862
ups And,shared zero point,4,2,2461460.739 2461579.072 2461585.100 2461602.040,circular,0.0,4.617115168070123,2.7359074588469807e-05,0.015881494943434337,1.4085236777396808,0.9928934934081413,0.7018691069889993,0.9942670982074303,2.749625941752542e-05,0.015320947812931316,1.411601186170522,44.32378309775717,2.95037643896862
ups And,free offset,4,2,2461460.739 2461579.072 2461585.100 2461602.040,circular,0.0,4.617114229827955,2.745601908161147e-05,0.01546650275434921,1.4083811917702576,0.9940912519135845,0.9396629531819289,0.9942670982074303,2.749625941752542e-05,0.015320947812931316,1.411601186170522,44.97954821893314,2.95037643896862
ups And,shared zero point,4,3,2461457.759 2461586.048 2461591.087 2461610.034,circular,0.0,4.61711508579269,2.7248133113903195e-05,0.014951751778076757,1.4098167184462833,0.9808669414777339,0.48252617385410473,0.9942670982074303,2.749625941752542e-05,0.015320947812931316,1.411601186170522,44.32980072495557,2.95037643896862
ups And,free offset,4,3,2461457.759 2461586.048 2461591.087 2461610.034,circular,0.0,4.617114107262727,2.7466315440398558e-05,0.015489381260662375,1.409641406700584,0.9947199528707449,0.9636434229726228,0.9942670982074303,2.749625941752542e-05,0.015320947812931316,1.411601186170522,44.97921735252087,2.95037643896862
ups And,shared zero point,4,4,2461445.772 2461592.028 2461598.056 2461603.010,circular,0.0,4.617114977192719,2.7172872177028807e-05,0.015502918808783912,1.4100290753209561,0.9817533208394773,0.4640143742443672,0.9942670982074303,2.749625941752542e-05,0.015320947812931316,1.411601186170522,44.33140963362694,2.95037643896862
ups And,free offset,4,4,2461445.772 2461592.028 2461598.056 2461603.010,circular,0.0,4.6171140511437665,2.732686262958315e-05,0.015485529281864988,1.4099683173789306,0.9889438980189567,0.5693362823325063,0.9942670982074303,2.749625941752542e-05,0.015320947812931316,1.411601186170522,44.97997593848246,2.95037643896862
ups And,shared zero point,5,0,2461437.794 2461442.801 2461462.744 2461606.043 2461607.096,circular,0.0,4.6171159594684195,2.7313593018055852e-05,0.015778813112693132,1.4077625205110447,0.9902643240297504,0.6094518233800693,0.9942670982074303,2.749625941752542e-05,0.015320947812931316,1.411601186170522,43.943593694214655,2.95037643896862
ups And,free offset,5,0,2461437.794 2461442.801 2461462.744 2461606.043 2461607.096,circular,0.0,4.617114765218481,2.7336574265931138e-05,0.015095883750600956,1.4075365502536192,0.986062170717005,0.6151284937905379,0.9942670982074303,2.749625941752542e-05,0.015320947812931316,1.411601186170522,44.97866281970275,2.95037643896862
ups And,shared zero point,5,1,2461438.721 2461440.800 2461447.783 2461455.761 2461615.996,circular,0.0,4.61711584158273,2.718336692018222e-05,0.015178663431823962,1.4090761577217101,0.9796230852650729,0.47470317192780925,0.9942670982074303,2.749625941752542e-05,0.015320947812931316,1.411601186170522,43.92659371954125,2.95037643896862
ups And,free offset,5,1,2461438.721 2461440.800 2461447.783 2461455.761 2461615.996,circular,0.0,4.617114668175202,2.721228006133202e-05,0.01469663441354801,1.4087819040118,0.9776598952293682,0.47471268303056696,0.9942670982074303,2.749625941752542e-05,0.015320947812931316,1.411601186170522,44.97985905338483,2.95037643896862
ups And,shared zero point,5,2,2461443.744 2461459.721 2461586.082 2461608.030 2461610.013,circular,0.0,4.617115457662216,2.713506524284796e-05,0.015583811521536805,1.4094833809877347,0.9813557813496382,0.4562359149235056,0.9942670982074303,2.749625941752542e-05,0.015320947812931316,1.411601186170522,43.93297952809463,2.95037643896862
ups And,free offset,5,2,2461443.744 2461459.721 2461586.082 2461608.030 2461610.013,circular,0.0,4.617114294608592,2.717019597281361e-05,0.014736158532266135,1.4092560553203066,0.9763237423985471,0.47163528371710567,0.9942670982074303,2.749625941752542e-05,0.015320947812931316,1.411601186170522,44.978768200614,2.95037643896862
ups And,shared zero point,5,3,2461448.786 2461450.774 2461459.724 2461576.107 2461602.010,circular,0.0,4.617115216649365,2.7229211648235253e-05,0.015697488328015565,1.4085430758730846,0.9857857434738166,0.5319669756161991,0.9942670982074303,2.749625941752542e-05,0.015320947812931316,1.411601186170522,43.94696875168835,2.95037643896862
ups And,free offset,5,3,2461448.786 2461450.774 2461459.724 2461576.107 2461602.010,circular,0.0,4.617114355384292,2.7323439452178164e-05,0.015104315145781392,1.4083000642439905,0.985637536602891,0.5812024196124301,0.9942670982074303,2.749625941752542e-05,0.015320947812931316,1.411601186170522,44.98006404449927,2.95037643896862
ups And,shared zero point,5,4,2461438.762 2461579.108 2461587.089 2461601.002 2461613.107,circular,0.0,4.617114968290335,2.722886026738315e-05,0.01498554373562931,1.4086878950718187,0.9800867466452939,0.47962711263316116,0.9942670982074303,2.749625941752542e-05,0.015320947812931316,1.411601186170522,43.939076684248164,2.95037643896862
ups And,free offset,5,4,2461438.762 2461579.108 2461587.089 2461601.002 2461613.107,circular,0.0,4.617113866695096,2.7288334468974364e-05,0.015118077395585235,1.408418510305944,0.9842765282913013,0.5310942657787686,0.9942670982074303,2.749625941752542e-05,0.015320947812931316,1.411601186170522,44.979466801766,2.95037643896862
HIP 91258,free offset,3,0,2461464.141 2461581.976 2461586.058,circular,0.0,5.054144403763066,0.00040694857035876913,0.09534367174404283,12.42947041499926,8.480643694100397,6.834617031099576,9.08351507767169,0.0004339079711999519,0.09637828425397771,12.827484146953305,70.10105109634557,27.951451351634745
HIP 91258,free offset,3,1,2461461.113 2461543.005 2461553.944,circular,0.0,5.054139353069444,0.00041442575673928083,0.09632508308559994,12.313313780505277,8.643237511652568,6.813539884610317,9.08351507767169,0.0004339079711999519,0.09637828425397771,12.827484146953305,70.0832898431569,27.951451351634745
HIP 91258,free offset,3,2,2461462.116 2461484.096 2461528.927,circular,0.0,5.05398481838416,0.00035059102060799435,0.09534306783377468,12.66825082687443,7.1553558551676275,4.394394805056307,9.08351507767169,0.0004339079711999519,0.09637828425397771,12.827484146953305,70.0154859994663,27.951451351634745
HIP 91258,free offset,3,3,2461472.117 2461497.088 2461548.875,circular,0.0,5.054145133820686,0.00041842156925330073,0.09623295542431783,12.490142440347533,8.718637147294833,8.074491747561044,9.08351507767169,0.0004339079711999519,0.09637828425397771,12.827484146953305,70.11079606671878,27.951451351634745
HIP 91258,free offset,3,4,2461491.136 2461521.061 2461603.908,circular,0.0,5.054172991874559,0.00035063704187398746,0.09705980570785173,12.395384307020365,7.137917210729814,4.305941958898047,9.08351507767169,0.0004339079711999519,0.09637828425397771,12.827484146953305,70.11647613570699,27.951451351634745
HIP 91258,free offset,4,0,2461527.007 2461527.929 2461541.111 2461586.923,circular,0.0,5.0539506078258345,0.0003314798601357175,0.09280146791001652,12.37912492484044,6.710583208097108,3.634401579991508,9.08351507767169,0.0004339079711999519,0.09637828425397771,12.827484146953305,70.032668624465,27.951451351634745
HIP 91258,free offset,4,1,2461482.134 2461484.069 2461486.134 2461546.061,circular,0.0,5.054022367811216,0.00033113058078861453,0.0947045416108591,12.243974892772854,6.710026238211821,3.714654405744591,9.08351507767169,0.0004339079711999519,0.09637828425397771,12.827484146953305,70.0160685409183,27.951451351634745
HIP 91258,free offset,4,2,2461519.031 2461528.041 2461580.103 2461600.041,circular,0.0,5.0540731170735524,0.00035031854002689854,0.09475235530149864,12.595953081342737,7.174092299161915,4.306609376450407,9.08351507767169,0.0004339079711999519,0.09637828425397771,12.827484146953305,70.04116905647057,27.951451351634745
HIP 91258,free offset,4,3,2461458.112 2461540.918 2461552.965 2461616.910,circular,0.0,5.054088848734363,0.0003124070376537309,0.09262828104093991,12.165453312592927,6.288322508378055,3.3103733438184695,9.08351507767169,0.0004339079711999519,0.09637828425397771,12.827484146953305,70.05076498696661,27.951451351634745
HIP 91258,free offset,4,4,2461478.063 2461492.042 2461576.040 2461615.911,circular,0.0,5.054034838252467,0.0003015299468626097,0.09400737372869736,12.335400162860081,6.026140216402784,3.0637472272429123,9.08351507767169,0.0004339079711999519,0.09637828425397771,12.827484146953305,70.01947825786137,27.951451351634745
HIP 91258,free offset,5,0,2461467.147 2461552.893 2461564.835 2461585.068 2461601.924,circular,0.0,5.054280922750503,0.0003226641196684176,0.09958430439726193,12.007882995370556,6.4981870159038335,3.2175377264270937,9.08351507767169,0.0004339079711999519,0.09637828425397771,12.827484146953305,70.26331973088338,27.951451351634745
HIP 91258,free offset,5,1,2461492.074 2461533.906 2461556.981 2461567.019 2461604.831,circular,0.0,5.054186065535258,0.00038242558475541167,0.09626164122134952,11.704913629841165,7.880889879130228,5.832781139547893,9.08351507767169,0.0004339079711999519,0.09637828425397771,12.827484146953305,70.14640094120283,27.951451351634745
HIP 91258,free offset,5,2,2461512.117 2461522.052 2461530.086 2461543.932 2461600.850,circular,0.0,5.0541137691389775,0.0002989241735314138,0.09229212445175648,12.134357919327801,6.012554249854469,3.052132691210291,9.08351507767169,0.0004339079711999519,0.09637828425397771,12.827484146953305,70.06586511263178,27.951451351634745
HIP 91258,free offset,5,3,2461469.098 2461500.085 2461536.941 2461557.012 2461560.063,circular,0.0,5.054175324230039,0.00036117037249056884,0.09571162657758858,12.083725148918226,7.4384429204720846,4.295778634936413,9.08351507767169,0.0004339079711999519,0.09637828425397771,12.827484146953305,70.1302850957436,27.951451351634745
HIP 91258,free offset,5,4,2461504.027 2461506.070 2461555.105 2461573.920 2461604.831,circular,0.0,5.054107395394195,0.000335546969284193,0.0921291931930662,12.01244773270448,6.837287133868967,4.168435737235239,9.08351507767169,0.0004339079711999519,0.09637828425397771,12.827484146953305,70.1184155431178,27.951451351634745
HD 103774,free offset,3,0,2461549.886 2461553.760 2461572.770,circular,0.0,5.887912948253462,0.00028721975466408585,0.04584428311154935,1.8192807421330313,7.44702051098119,4.398698532770797,8.025427216589412,0.00030935212431163557,0.045808236330805906,1.866251141342938,12.867678018206611,2.9808500385938554
HD 103774,free offset,3,1,2461544.757 2461568.805 2461571.840,circular,0.0,5.887922260700915,0.00021908876277333932,0.04486473459405265,1.839045641768575,5.621425030294919,1.9261050270760498,8.025427216589412,0.00030935212431163557,0.045808236330805906,1.866251141342938,12.866014351881859,2.9808500385938554
HD 103774,free offset,3,2,2461526.792 2461548.809 2461562.825,circular,0.0,5.887942449018133,0.00021184888300206285,0.044655079910637586,1.8437484545535154,5.4365769265350155,1.7847483139759686,8.025427216589412,0.00030935212431163557,0.045808236330805906,1.866251141342938,12.86359237245278,2.9808500385938554
HD 103774,free offset,3,3,2461441.068 2461505.870 2461588.781,circular,0.0,5.887899140831584,0.00028473949111286744,0.045764320863867225,1.8502712840458542,7.37777796844274,4.161015585137783,8.025427216589412,0.00030935212431163557,0.045808236330805906,1.866251141342938,12.86961213685977,2.9808500385938554
HD 103774,free offset,3,4,2461447.095 2461466.021 2461580.799,circular,0.0,5.887902834390456,0.00020110623675865226,0.04493759762111384,1.8344659150936946,5.140009038775609,1.6269455159837334,8.025427216589412,0.00030935212431163557,0.045808236330805906,1.866251141342938,12.86920482362899,2.9808500385938554
HD 103774,free offset,4,0,2461455.037 2461456.151 2461457.935 2461539.740,circular,0.0,5.887895798030366,0.00017449767167826741,0.04425891661520509,1.8279434131337404,4.440244818196515,1.3168673212775197,8.025427216589412,0.00030935212431163557,0.045808236330805906,1.866251141342938,12.870066871920217,2.9808500385938554
HD 103774,free offset,4,1,2461439.992 2461473.918 2461496.901 2461514.793,circular,0.0,5.88795033667907,0.00020710913275101369,0.04485355252102132,1.8335585008423994,5.316125190091951,1.823471606436475,8.025427216589412,0.00030935212431163557,0.045808236330805906,1.866251141342938,12.863281650865243,2.9808500385938554
HD 103774,free offset,4,2,2461510.748 2461540.883 2461552.762 2461574.759,circular,0.0,5.887898199814651,0.0002934087713278113,0.04622596062166797,1.8192228451899848,7.605379106425493,5.204443847505689,8.025427216589412,0.00030935212431163557,0.045808236330805906,1.866251141342938,12.86994236389745,2.9808500385938554
HD 103774,free offset,4,3,2461472.110 2461518.776 2461532.844 2461535.866,circular,0.0,5.887906184571169,0.00024067078330803355,0.045271271410457524,1.8089406759974669,6.195696544701901,2.3996818897668546,8.025427216589412,0.00030935212431163557,0.045808236330805906,1.866251141342938,12.868450660559027,2.9808500385938554
HD 103774,free offset,4,4,2461486.858 2461494.866 2461582.762 2461585.796,circular,0.0,5.887884573155314,0.00022163449396328226,0.044647538824316504,1.8041668747887425,5.696675954929026,2.1238533845003826,8.025427216589412,0.00030935212431163557,0.045808236330805906,1.866251141342938,12.871912484814588,2.9808500385938554
HD 103774,free offset,5,0,2461473.960 2461531.843 2461565.753 2461574.762 2461576.781,circular,0.0,5.8878650190219135,0.0001954066086936722,0.044843019100800734,1.7836248403766501,4.990173726672312,1.6628566899857706,8.025427216589412,0.00030935212431163557,0.045808236330805906,1.866251141342938,12.877199493051117,2.9808500385938554
HD 103774,free offset,5,1,2461457.130 2461490.995 2461529.810 2461555.765 2461563.752,circular,0.0,5.887949938695483,0.0001802518374627584,0.04426025737695115,1.7911067407305181,4.597743000711771,1.4972606910829054,8.025427216589412,0.00030935212431163557,0.045808236330805906,1.866251141342938,12.863557684590788,2.9808500385938554
HD 103774,free offset,5,2,2461467.878 2461492.813 2461539.828 2461542.832 2461579.816,circular,0.0,5.887891706086666,0.00016770166108261747,0.04425489617954806,1.8141708701447898,4.247140316481175,1.2416958134397715,8.025427216589412,0.00030935212431163557,0.045808236330805906,1.866251141342938,12.87122620414003,2.9808500385938554
HD 103774,free offset,5,3,2461486.959 2461508.869 2461518.822 2461549.760 2461581.811,circular,0.0,5.88787807652966,0.00016610124532674185,0.04383534134870542,1.797517926311703,4.21746988690376,1.2392716511812898,8.025427216589412,0.00030935212431163557,0.045808236330805906,1.866251141342938,12.873037649695252,2.9808500385938554
HD 103774,free offset,5,4,2461481.828 2461489.830 2461558.749 2461579.773 2461589.790,circular,0.0,5.88790749097207,0.0001704860381465697,0.04408551444612936,1.7983191413125492,4.3335442899497565,1.3218596953225654,8.025427216589412,0.00030935212431163557,0.045808236330805906,1.866251141342938,12.868596580466951,2.9808500385938554
HD 285507,free offset,3,0,2461441.838 2461470.725 2461483.751,keplerian,0.08989696838383832,6.090539510220732,9.126346383460789e-05,0.05223174393477143,3.459830149142724,1.8523707882265763,0.22169789173113716,68.5455585120347,0.0032706141367603186,0.06221202290412627,3.7144146811512955,8.5693677015153,0.0
HD 285507,free offset,3,1,2461456.801 2461469.727 2461480.784,keplerian,0.08988035731225753,6.090555008958992,0.00016295794044420646,0.05620165936218499,3.5020982731807764,3.3321446209190677,0.42652752046994624,68.5455585120347,0.0032706141367603186,0.06221202290412627,3.7144146811512955,8.569337490677514,0.0
HD 285507,free offset,3,2,2461442.845 2461444.753 2461477.758,keplerian,0.08969684570452417,6.090545418265901,9.40455454335628e-05,0.06251575513995804,3.1135109064766016,2.7080562833207473,0.28243324512686263,68.5455585120347,0.0032706141367603186,0.06221202290412627,3.7144146811512955,8.56930800236414,0.0
HD 285507,free offset,3,3,2461476.734 2461478.718 2461615.085,keplerian,0.07539386979905806,6.097671829508765,8.900548099425302e-05,0.056836659648378265,3.5594623011141757,1.8887307218967084,0.32006607801161835,68.5455585120347,0.0032706141367603186,0.06221202290412627,3.7144146811512955,10.14896076214822,0.0
HD 285507,free offset,3,4,2461446.794 2461467.762 2461488.745,keplerian,0.10176768520709968,6.083443459956639,8.046069174789714e-05,0.0625917586466876,3.865663633041486,2.007491410347077,0.1793680915968145,68.5455585120347,0.0032706141367603186,0.06221202290412627,3.7144146811512955,10.399427956025331,0.0
HD 285507,free offset,4,0,2461460.836 2461473.797 2461615.118 2461617.085,keplerian,0.0679821150540046,6.0975736071810855,6.936010933833134e-05,0.0552726055245271,3.52090008454577,1.7910040370168534,0.12350837551074997,68.5455585120347,0.0032706141367603186,0.06221202290412627,3.7144146811512955,10.138712544931671,0.0
HD 285507,free offset,4,1,2461438.766 2461440.886 2461489.742 2461492.750,keplerian,0.09780710158830022,6.0834619074272975,0.00012390112443162247,0.061785707272858294,3.7212767959847195,2.6775122772442947,0.35318016936320434,68.5455585120347,0.0032706141367603186,0.06221202290412627,3.7144146811512955,10.388876576522565,0.0
HD 285507,free offset,4,2,2461453.862 2461467.744 2461476.775 2461484.746,keplerian,0.09327667272878934,6.090553543851668,6.40055038552716e-05,0.050759169675743676,3.292048218128098,1.4881431545480706,0.1606765512287429,68.5455585120347,0.0032706141367603186,0.06221202290412627,3.7144146811512955,8.576004004465439,0.0
HD 285507,free offset,4,3,2461439.893 2461452.746 2461464.720 2461474.791,keplerian,0.0895292394345756,6.090556452029202,0.00010545303082540565,0.04949652640182071,3.3721450680848513,1.8841009820697558,0.25504365926303935,68.5455585120347,0.0032706141367603186,0.06221202290412627,3.7144146811512955,8.569381064673534,0.0
HD 285507,free offset,4,4,2461437.867 2461440.858 2461453.726 2461490.764,keplerian,0.09025632036912416,6.090554773617301,8.296595151664171e-05,0.05395307775881717,3.151186051242672,1.946876598464815,0.2500839740957445,68.5455585120347,0.0032706141367603186,0.06221202290412627,3.7144146811512955,8.569555153993008,0.0
HD 285507,free offset,5,0,2461459.772 2461481.736 2461484.740 2461489.753 2461617.078,circular,0.0,6.097623450372407,9.756717028052278e-05,0.029173225975912046,3.6094113191300123,1.9180772140089613,0.178152584909675,68.5455585120347,0.0032706141367603186,0.06221202290412627,3.7144146811512955,11.86416195453596,0.0
HD 285507,free offset,5,1,2461438.707 2461455.731 2461470.786 2461479.788 2461487.746,keplerian,0.09870562216068082,6.083456829962445,7.22742610459288e-05,0.05655887472447156,3.658267582637749,1.8314826847446746,0.14484719913048752,68.5455585120347,0.0032706141367603186,0.06221202290412627,3.7144146811512955,10.390212735960482,0.0
HD 285507,free offset,5,2,2461458.757 2461461.718 2461466.763 2461486.726 2461614.089,keplerian,0.07833919315900213,6.097657085999815,7.124033060413489e-05,0.05790608035371873,3.552000353390673,1.8158530983924281,0.14303470875424643,68.5455585120347,0.0032706141367603186,0.06221202290412627,3.7144146811512955,10.174304854478088,0.0
HD 285507,free offset,5,3,2461440.801 2461444.803 2461457.710 2461486.767 2461490.739,keplerian,0.0897622870956442,6.090544776898005,7.115770963206297e-05,0.05144639009720382,2.8317987235082542,1.6273646939667152,0.20333013502195305,68.5455585120347,0.0032706141367603186,0.06221202290412627,3.7144146811512955,8.573686464104007,0.0
HD 285507,free offset,5,4,2461446.841 2461465.808 2461468.800 2461477.737 2461490.746,keplerian,0.09019670928609892,6.09053400412673,8.175202500672953e-05,0.051847345578164325,2.8920865037173153,1.9010882398948075,0.1737231294124238,68.5455585120347,0.0032706141367603186,0.06221202290412627,3.7144146811512955,8.571200392809702,0.0
HD 68988,shared zero point,3,0,2461519.759 2461523.816 2461533.740,keplerian,0.136466007738764,6.2764023906625335,2.4609562409426902e-05,0.021184487588188108,2.7374815696464045,0.7928726125903498,0.22279755881976482,0.8316254478272247,2.5730459326245058e-05,0.021986613168617507,2.8434902783881135,16.08220183347226,1.64215494879981
HD 68988,free offset,3,0,2461519.759 2461523.816 2461533.740,keplerian,0.136393104654602,6.276401888860715,2.4540530497678242e-05,0.021478579431811046,2.747203471229557,0.7952571377586828,0.24597641269905773,0.8316254478272247,2.5730459326245058e-05,0.021986613168617507,2.8434902783881135,14.765167315893585,1.64215494879981
HD 68988,shared zero point,3,1,2461452.958 2461540.780 2461548.785,keplerian,0.13744340690797813,6.276400766801245,2.4881774788296124e-05,0.02089124536769685,2.6693578987706372,0.7979815186966001,0.2814444358079346,0.8316254478272247,2.5730459326245058e-05,0.021986613168617507,2.8434902783881135,16.07840699835463,1.64215494879981
HD 68988,free offset,3,1,2461452.958 2461540.780 2461548.785,keplerian,0.1376508962843082,6.276400336707292,2.527949394036305e-05,0.021393516581445803,2.6850065965254335,0.8053099413998297,0.6686157830698244,0.8316254478272247,2.5730459326245058e-05,0.021986613168617507,2.8434902783881135,14.793374949581024,1.64215494879981
HD 68988,shared zero point,3,2,2461460.001 2461466.728 2461519.776,keplerian,0.13608115125631748,6.276402007038017,2.3115799422642692e-05,0.021162109849819873,2.7788667751164873,0.7502538720726915,0.14788136097341095,0.8316254478272247,2.5730459326245058e-05,0.021986613168617507,2.8434902783881135,16.13432101225254,1.64215494879981
HD 68988,free offset,3,2,2461460.001 2461466.728 2461519.776,keplerian,0.13624903029385949,6.276400880264232,2.334629560195254e-05,0.021398874662198877,2.804089652943001,0.7610706447039499,0.17087222901831897,0.8316254478272247,2.5730459326245058e-05,0.021986613168617507,2.8434902783881135,14.783654026941223,1.64215494879981
HD 68988,shared zero point,3,3,2461467.881 2461511.743 2461528.804,keplerian,0.13664160616079163,6.276402420967823,2.4423106181761642e-05,0.021238707070352688,2.753962769311761,0.7879587123037876,0.22839244825631252,0.8316254478272247,2.5730459326245058e-05,0.021986613168617507,2.8434902783881135,16.110752089142764,1.64215494879981
HD 68988,free offset,3,3,2461467.881 2461511.743 2461528.804,keplerian,0.13661931098008934,6.276401612717641,2.4759158554361712e-05,0.021291642479541687,2.7740469641978547,0.7858650407482648,0.29784801720185344,0.8316254478272247,2.5730459326245058e-05,0.021986613168617507,2.8434902783881135,14.773824669629038,1.64215494879981
HD 68988,shared zero point,3,4,2461450.935 2461506.836 2461532.816,keplerian,0.13701109413938056,6.276401565262913,2.5051639071899693e-05,0.021581712884182105,2.7914884371511386,0.8133908228121605,0.19877074587788124,0.8316254478272247,2.5730459326245058e-05,0.021986613168617507,2.8434902783881135,16.13367515269117,1.64215494879981
HD 68988,free offset,3,4,2461450.935 2461506.836 2461532.816,keplerian,0.1371673714163345,6.276401615555567,2.5502448740332206e-05,0.02153819748954243,2.814120523090552,0.8159019805861148,0.726646856737718,0.8316254478272247,2.5730459326245058e-05,0.021986613168617507,2.8434902783881135,14.761290994971496,1.64215494879981
HD 68988,shared zero point,4,0,2461475.737 2461479.924 2461485.894 2461500.862,keplerian,0.13643532491871824,6.2764014856511166,2.3951256272139724e-05,0.021259052961338277,2.7486098317581265,0.7857348611603948,0.18815635352593835,0.8316254478272247,2.5730459326245058e-05,0.021986613168617507,2.8434902783881135,15.974678771733593,1.64215494879981
HD 68988,free offset,4,0,2461475.737 2461479.924 2461485.894 2461500.862,keplerian,0.13651170473494573,6.276400767320282,2.3812941431213434e-05,0.02158690113119149,2.7888780765523395,0.78716655612179,0.1882553384185114,0.8316254478272247,2.5730459326245058e-05,0.021986613168617507,2.8434902783881135,14.792863881417578,1.64215494879981
HD 68988,shared zero point,4,1,2461447.771 2461463.941 2461492.753 2461512.774,keplerian,0.13615674777983566,6.276402162053716,2.342811066409034e-05,0.0211422486388484,2.7538077260792155,0.7627076132296569,0.163347441594947,0.8316254478272247,2.5730459326245058e-05,0.021986613168617507,2.8434902783881135,15.944216159959774,1.64215494879981
HD 68988,free offset,4,1,2461447.771 2461463.941 2461492.753 2461512.774,keplerian,0.13608208373657807,6.27640180950326,2.3226304100139717e-05,0.021164905394356195,2.7838008663329257,0.7526201076796001,0.16356286357665006,0.8316254478272247,2.5730459326245058e-05,0.021986613168617507,2.8434902783881135,14.789348105409438,1.64215494879981
HD 68988,shared zero point,4,2,2461445.019 2461469.840 2461484.741 2461546.760,keplerian,0.1377243475381596,6.276405921545527,2.3973895403280037e-05,0.020890781057325693,2.7186493965701914,0.7806058262035616,0.16246877866315015,0.8316254478272247,2.5730459326245058e-05,0.021986613168617507,2.8434902783881135,15.985867415823703,1.64215494879981
HD 68988,free offset,4,2,2461445.019 2461469.840 2461484.741 2461546.760,keplerian,0.13791643782005342,6.2764058877053595,2.3794799974949507e-05,0.021021357878365163,2.744283717832106,0.7763484704885921,0.1671269521003119,0.8316254478272247,2.5730459326245058e-05,0.021986613168617507,2.8434902783881135,14.700226363573094,1.64215494879981
HD 68988,shared zero point,4,3,2461457.907 2461474.920 2461499.818 2461516.789,keplerian,0.13654046276147186,6.276403042438934,2.343825678848627e-05,0.020766454926790058,2.7551892472018067,0.746595062067443,0.16542992567981918,0.8316254478272247,2.5730459326245058e-05,0.021986613168617507,2.8434902783881135,15.947465657896426,1.64215494879981
HD 68988,free offset,4,3,2461457.907 2461474.920 2461499.818 2461516.789,keplerian,0.13651656664868722,6.276402587923163,2.3189024646597058e-05,0.021049322509667047,2.779885642909657,0.7413480112973218,0.1659304380523603,0.8316254478272247,2.5730459326245058e-05,0.021986613168617507,2.8434902783881135,14.760414842965261,1.64215494879981
HD 68988,shared zero point,4,4,2461438.841 2461443.726 2461518.734 2461530.811,keplerian,0.13645906906491606,6.2764013207284695,2.497775323025027e-05,0.02138616525631164,2.7598425094581804,0.8106188010868434,0.24553569353694318,0.8316254478272247,2.5730459326245058e-05,0.021986613168617507,2.8434902783881135,15.95877299006088,1.64215494879981
HD 68988,free offset,4,4,2461438.841 2461443.726 2461518.734 2461530.811,keplerian,0.13640351586447985,6.27640055847071,2.507594275716386e-05,0.02138485573128173,2.7892647433203774,0.8087336748941797,0.39172139345901535,0.8316254478272247,2.5730459326245058e-05,0.021986613168617507,2.8434902783881135,14.796121744602264,1.64215494879981
HD 68988,shared zero point,5,0,2461440.972 2461487.828 2461505.784 2461518.732 2461540.742,keplerian,0.13658373241057672,6.2764008774835345,2.37639703773282e-05,0.020778339259159197,2.668394684045556,0.7648605240140698,0.1939304399046554,0.8316254478272247,2.5730459326245058e-05,0.021986613168617507,2.8434902783881135,15.837777910982965,1.64215494879981
HD 68988,free offset,5,0,2461440.972 2461487.828 2461505.784 2461518.732 2461540.742,keplerian,0.13656311869027982,6.27640019793209,2.3635393720395438e-05,0.021119917605943134,2.67222506828116,0.7611506586572236,0.19749456307816068,0.8316254478272247,2.5730459326245058e-05,0.021986613168617507,2.8434902783881135,14.78231969828676,1.64215494879981
HD 68988,shared zero point,5,1,2461441.029 2461448.833 2461496.752 2461512.747 2461537.746,keplerian,0.13638939754038848,6.276400902849234,2.365408997876106e-05,0.02060301480037938,2.6590500442551552,0.7564234893096563,0.1926816296179731,0.8316254478272247,2.5730459326245058e-05,0.021986613168617507,2.8434902783881135,15.830319711776966,1.64215494879981
HD 68988,free offset,5,1,2461441.029 2461448.833 2461496.752 2461512.747 2461537.746,keplerian,0.13635014136906692,6.276400196916229,2.3545554609754317e-05,0.02072904742896547,2.6615317835609895,0.7468262049319875,0.19595748588558223,0.8316254478272247,2.5730459326245058e-05,0.021986613168617507,2.8434902783881135,14.789016841474623,1.64215494879981
HD 68988,shared zero point,5,2,2461462.900 2461490.922 2461493.831 2461503.765 2461515.825,keplerian,0.13651188679064355,6.276400790423732,2.317390415892928e-05,0.020952916464638836,2.6879390489965282,0.7595968291912409,0.14221385040350046,0.8316254478272247,2.5730459326245058e-05,0.021986613168617507,2.8434902783881135,15.817362782527656,1.64215494879981
HD 68988,free offset,5,2,2461462.900 2461490.922 2461493.831 2461503.765 2461515.825,keplerian,0.1365401974151712,6.27639996041607,2.314041916281446e-05,0.0212198861097027,2.7014141649180465,0.7572751434957354,0.15808214148642813,0.8316254478272247,2.5730459326245058e-05,0.021986613168617507,2.8434902783881135,14.798578146857054,1.64215494879981
HD 68988,shared zero point,5,3,2461441.024 2461452.868 2461480.957 2461513.788 2461542.748,keplerian,0.13627706039498233,6.276398218543236,2.3339451192851565e-05,0.02093794455420254,2.663554345279229,0.764101650222067,0.17021456381467578,0.8316254478272247,2.5730459326245058e-05,0.021986613168617507,2.8434902783881135,15.842379460359535,1.64215494879981
HD 68988,free offset,5,3,2461441.024 2461452.868 2461480.957 2461513.788 2461542.748,keplerian,0.13624225211584345,6.27639722053109,2.323046688885646e-05,0.020686455193293058,2.668737888297386,0.7467718495601474,0.17257802869674188,0.8316254478272247,2.5730459326245058e-05,0.021986613168617507,2.8434902783881135,14.854232874475311,1.64215494879981
HD 68988,shared zero point,5,4,2461439.978 2461459.794 2461460.903 2461535.740 2461545.754,keplerian,0.13676794487045274,6.27640131690396,2.246772564758891e-05,0.0205719976494115,2.6606256008272156,0.7230662356822077,0.13512267355824548,0.8316254478272247,2.5730459326245058e-05,0.021986613168617507,2.8434902783881135,15.865181535683785,1.64215494879981
HD 68988,free offset,5,4,2461439.978 2461459.794 2461460.903 2461535.740 2461545.754,keplerian,0.13702732053805272,6.276400263661514,2.2498030317430377e-05,0.020426960404374615,2.6691332881761367,0.7114097904972783,0.1490388683003493,0.8316254478272247,2.5730459326245058e-05,0.021986613168617507,2.8434902783881135,14.81308664364467,1.64215494879981
HD102956,shared zero point,3,0,2461465.854 2461517.740 2461560.856,keplerian,0.10972193433347172,6.494349431081651,0.00011919757354430706,0.07114178633405947,2.2508862131861096,2.783462683545981,1.4495855042822037,4.201820108788522,0.00018075671684083283,0.07729981493688953,2.378555641000009,8.135817613237222,4.4313626590914055
HD102956,free offset,3,0,2461465.854 2461517.740 2461560.856,keplerian,0.1054498701122922,6.494315104693155,0.00014531464889764334,0.07164988201092871,2.302557955496195,3.243710504467776,1.9304449799727508,4.201820108788522,0.00018075671684083283,0.07729981493688953,2.378555641000009,8.396602097032783,4.4313626590914055
HD102956,shared zero point,3,1,2461472.840 2461481.017 2461529.853,keplerian,0.09887807193399925,6.494309838303794,9.752240737132347e-05,0.07109701113019008,2.1235475116461155,2.417811914148695,1.1915014319675081,4.201820108788522,0.00018075671684083283,0.07729981493688953,2.378555641000009,8.112209020101803,4.4313626590914055
HD102956,free offset,3,1,2461472.840 2461481.017 2461529.853,keplerian,0.0999019275765353,6.494303337492608,0.00010019791430456003,0.0720803753253093,2.190136305349573,2.492825378675242,1.2294771270532503,4.201820108788522,0.00018075671684083283,0.07729981493688953,2.378555641000009,8.403156527837016,4.4313626590914055
HD102956,shared zero point,3,2,2461445.033 2461484.848 2461570.855,keplerian,0.10228198283282185,6.494341438038285,0.00010301210924357604,0.06913901239483869,2.131318114903107,2.413796604170418,1.2453384515646986,4.201820108788522,0.00018075671684083283,0.07729981493688953,2.378555641000009,8.07993465026588,4.4313626590914055
HD102956,free offset,3,2,2461445.033 2461484.848 2461570.855,keplerian,0.10267267594399977,6.494351077934273,0.00014321311625636155,0.07036716072186686,2.1652629588492562,3.139976941557353,2.19434705511478,4.201820108788522,0.00018075671684083283,0.07729981493688953,2.378555641000009,8.395941122707518,4.4313626590914055
HD102956,shared zero point,3,3,2461487.084 2461503.874 2461580.776,keplerian,0.10593341921014728,6.4943233032484216,0.00010644254706209244,0.06918942148264105,2.0794161530164263,2.514999910055043,1.377612929453095,4.201820108788522,0.00018075671684083283,0.07729981493688953,2.378555641000009,8.06202588149534,4.4313626590914055
HD102956,free offset,3,3,2461487.084 2461503.874 2461580.776,keplerian,0.10595615960746359,6.494320421704363,0.00011706290432205276,0.07037339358356039,2.1113931669193473,2.664253299397348,1.5520454112831714,4.201820108788522,0.00018075671684083283,0.07729981493688953,2.378555641000009,8.394485627265816,4.4313626590914055
HD102956,shared zero point,3,4,2461441.950 2461447.909 2461578.817,keplerian,0.10980021682738714,6.494348596362331,0.00010183114006380868,0.07249341077617026,2.111696507965217,2.6923497107735557,1.1945384737386848,4.201820108788522,0.00018075671684083283,0.07729981493688953,2.378555641000009,8.166773798462097,4.4313626590914055
HD102956,free offset,3,4,2461441.950 2461447.909 2461578.817,keplerian,0.11012021173198108,6.494383831679218,0.000144000169167665,0.07664093947589314,2.332090776031324,3.6506083255039385,2.2783682616129717,4.201820108788522,0.00018075671684083283,0.07729981493688953,2.378555641000009,8.412939861721512,4.4313626590914055
HD102956,shared zero point,4,0,2461441.099 2461508.773 2461549.861 2461577.794,keplerian,0.10764673224936547,6.494311497240869,0.00012088030370012005,0.06712598842884185,2.082760070261217,2.6430657104221082,1.5619104391853533,4.201820108788522,0.00018075671684083283,0.07729981493688953,2.378555641000009,8.146187815337763,4.4313626590914055
HD102956,free offset,4,0,2461441.099 2461508.773 2461549.861 2461577.794,keplerian,0.10587630927232705,6.494308958989585,0.00012371891077774514,0.06941974179226405,2.129679487761838,2.677752246345936,1.5769132509402166,4.201820108788522,0.00018075671684083283,0.07729981493688953,2.378555641000009,8.418843602387197,4.4313626590914055
HD102956,shared zero point,4,1,2461442.097 2461453.946 2461463.812 2461593.810,keplerian,0.0972322325732276,6.494246066942156,0.0001068623562302881,0.07247337522556833,2.0129539038357325,2.884108997736405,1.51056233052822,4.201820108788522,0.00018075671684083283,0.07729981493688953,2.378555641000009,8.08878478006682,4.4313626590914055
HD102956,free offset,4,1,2461442.097 2461453.946 2461463.812 2461593.810,keplerian,0.09677146719436469,6.494246161870185,0.00010834682265309762,0.07529151520837638,2.0425121366740906,2.944244672042587,1.511695140979803,4.201820108788522,0.00018075671684083283,0.07729981493688953,2.378555641000009,8.450940420226402,4.4313626590914055
HD102956,shared zero point,4,2,2461500.802 2461524.971 2461594.766 2461603.785,keplerian,0.1108274677559977,6.494295752679267,8.832423734332643e-05,0.06892795509399571,2.0461714995686755,2.3051395278251623,1.0734702089950454,4.201820108788522,0.00018075671684083283,0.07729981493688953,2.378555641000009,8.02046636629175,4.4313626590914055
HD102956,free offset,4,2,2461500.802 2461524.971 2461594.766 2461603.785,keplerian,0.11027845763417055,6.494295306001165,8.972696639038765e-05,0.06997313807602541,2.149084814188736,2.339736229916126,1.073481365659422,4.201820108788522,0.00018075671684083283,0.07729981493688953,2.378555641000009,8.409806306887205,4.4313626590914055
HD102956,shared zero point,4,3,2461439.984 2461445.152 2461455.912 2461576.831,keplerian,0.10612199383133866,6.494353659839505,8.126466107155255e-05,0.07130224309744614,2.15728305044227,2.3334408864506795,0.9205078124007801,4.201820108788522,0.00018075671684083283,0.07729981493688953,2.378555641000009,8.117105268498387,4.4313626590914055
HD102956,free offset,4,3,2461439.984 2461445.152 2461455.912 2461576.831,keplerian,0.10507168597813414,6.494366637448385,8.271822747305854e-05,0.07342557187842845,2.171974903120066,2.4230055161861355,0.9453675139938512,4.201820108788522,0.00018075671684083283,0.07729981493688953,2.378555641000009,8.399374910344807,4.4313626590914055
HD102956,shared zero point,4,4,2461463.914 2461497.002 2461498.060 2461554.869,keplerian,0.10955894610234214,6.494320398142153,9.519562306282368e-05,0.07045352857896292,2.090162037606697,2.439398460737421,1.138811845489641,4.201820108788522,0.00018075671684083283,0.07729981493688953,2.378555641000009,8.060658747778913,4.4313626590914055
HD102956,free offset,4,4,2461463.914 2461497.002 2461498.060 2461554.869,keplerian,0.1094681110092544,6.49431060914905,0.0001656239116587171,0.0726877149081151,2.2500070844970845,3.740706355926716,2.9656035171041504,4.201820108788522,0.00018075671684083283,0.07729981493688953,2.378555641000009,8.400366714839553,4.4313626590914055
HD102956,shared zero point,5,0,2461466.822 2461507.849 2461512.000 2461530.924 2461540.923,keplerian,0.1013236701005052,6.494280742526879,8.644316573998475e-05,0.06955414210647004,2.0786799144235952,2.4456620790185366,0.9455580449114638,4.201820108788522,0.00018075671684083283,0.07729981493688953,2.378555641000009,7.930515991981626,4.4313626590914055
HD102956,free offset,5,0,2461466.822 2461507.849 2461512.000 2461530.924 2461540.923,keplerian,0.10338967897453458,6.49427518588998,9.136103555298366e-05,0.07182661564874969,2.178178723573575,2.5931023446535466,0.9684264060662988,4.201820108788522,0.00018075671684083283,0.07729981493688953,2.378555641000009,8.41730080138405,4.4313626590914055
HD102956,shared zero point,5,1,2461455.092 2461566.876 2461571.839 2461572.869 2461601.754,keplerian,0.1085241926605367,6.494322380247129,7.065241745393291e-05,0.0692699011328762,2.080627793027443,2.059994863678192,0.7793190387987471,4.201820108788522,0.00018075671684083283,0.07729981493688953,2.378555641000009,8.005795048041913,4.4313626590914055
HD102956,free offset,5,1,2461455.092 2461566.876 2461571.839 2461572.869 2461601.754,keplerian,0.1065908327179785,6.494302450012629,8.373509382286663e-05,0.07028389439660752,2.128853552057197,2.1952811586124716,0.9616152759550861,4.201820108788522,0.00018075671684083283,0.07729981493688953,2.378555641000009,8.401627109354195,4.4313626590914055
HD102956,shared zero point,5,2,2461476.082 2461517.749 2461530.752 2461546.774 2461573.859,keplerian,0.10653967359291695,6.494296806714752,8.094337018008445e-05,0.06763692044424856,2.113540759077951,2.248547199954762,0.9021905884427464,4.201820108788522,0.00018075671684083283,0.07729981493688953,2.378555641000009,7.926499457988405,4.4313626590914055
HD102956,free offset,5,2,2461476.082 2461517.749 2461530.752 2461546.774 2461573.859,keplerian,0.10818294725324638,6.494294233425081,8.25748524217542e-05,0.06869997971536801,2.1394486604098435,2.2912688497898586,0.911885563493202,4.201820108788522,0.00018075671684083283,0.07729981493688953,2.378555641000009,8.413240872295578,4.4313626590914055
HD102956,shared zero point,5,3,2461490.983 2461492.946 2461505.940 2461510.998 2461567.780,keplerian,0.10228148459593714,6.4943493565323225,9.729748516571633e-05,0.06445833314677332,1.9851084807894455,2.2726539386040745,1.1846927695486007,4.201820108788522,0.00018075671684083283,0.07729981493688953,2.378555641000009,7.884264988778039,4.4313626590914055
HD102956,free offset,5,3,2461490.983 2461492.946 2461505.940 2461510.998 2461567.780,keplerian,0.10269288758494974,6.494353943690407,0.00013082646484044815,0.0654529729974864,2.0171044404219662,2.729740737338603,1.826539742031528,4.201820108788522,0.00018075671684083283,0.07729981493688953,2.378555641000009,8.397245308565022,4.4313626590914055
HD102956,shared zero point,5,4,2461447.039 2461478.043 2461530.755 2461597.749 2461600.771,keplerian,0.09501838478753291,6.494299629054774,8.625144045520007e-05,0.0698084853677631,2.0817734658315596,2.140360239809367,0.9668820346375128,4.201820108788522,0.00018075671684083283,0.07729981493688953,2.378555641000009,8.210576097373671,4.4313626590914055
HD102956,free offset,5,4,2461447.039 2461478.043 2461530.755 2461597.749 2461600.771,keplerian,0.0944545650182993,6.494318270164349,9.949443618660267e-05,0.07106346770384908,2.138207432010736,2.388043849057902,1.2110187377547417,4.201820108788522,0.00018075671684083283,0.07729981493688953,2.378555641000009,8.411623625025424,4.4313626590914055
HIP14810,shared zero point,3,0,2461444.772 2461458.753 2461470.761,keplerian,0.1451608680157484,6.67388040151444,1.2497799310117915e-05,0.00720932527628858,1.3720072466658895,0.34992199558367615,0.1259856169090035,0.390308041635835,1.4745672175542784e-05,0.007299612930628275,1.4106613146238904,9.033991111062537,2.8824963200212856
HIP14810,free offset,3,0,2461444.772 2461458.753 2461470.761,keplerian,0.1451007133621654,6.673881741273005,1.460701865302038e-05,0.007241754436265582,1.3965146744781856,0.38680264595961533,0.3649731692151761,0.390308041635835,1.4745672175542784e-05,0.007299612930628275,1.4106613146238904,21.585192141033062,2.8824963200212856
HIP14810,shared zero point,3,1,2461470.781 2461474.745 2461603.109,keplerian,0.14519305333581412,6.673885949745282,1.1714715820919685e-05,0.007114031983649568,1.3792790619237234,0.32116654484506835,0.13230577814029917,0.390308041635835,1.4745672175542784e-05,0.007299612930628275,1.4106613146238904,9.042400863036459,2.8824963200212856
HIP14810,free offset,3,1,2461470.781 2461474.745 2461603.109,keplerian,0.14510527520838015,6.67388280014023,1.3938619218986954e-05,0.007231004684889846,1.396587982344987,0.3719151335435975,0.13423165625803216,0.390308041635835,1.4745672175542784e-05,0.007299612930628275,1.4106613146238904,21.585534997122235,2.8824963200212856
HIP14810,shared zero point,3,2,2461439.846 2461603.093 2461611.119,keplerian,0.14481136836570715,6.673881819674934,1.2390173071184838e-05,0.007183199470267365,1.3705722944441616,0.34491837587035756,0.14932406894907346,0.390308041635835,1.4745672175542784e-05,0.007299612930628275,1.4106613146238904,9.057107879116272,2.8824963200212856
HIP14810,free offset,3,2,2461439.846 2461603.093 2461611.119,keplerian,0.14504534021418655,6.673881915250579,1.414439360641808e-05,0.00723186438565125,1.3958555415764646,0.37813661957722333,0.15440212378743362,0.390308041635835,1.4745672175542784e-05,0.007299612930628275,1.4106613146238904,21.587876179577005,2.8824963200212856
HIP14810,shared zero point,3,3,2461477.756 2461601.076 2461606.068,keplerian,0.1452470811901997,6.673877187184014,1.2210404659624682e-05,0.007212867512511198,1.356778954732019,0.3403155749768315,0.14470524336766785,0.390308041635835,1.4745672175542784e-05,0.007299612930628275,1.4106613146238904,9.050170327890418,2.8824963200212856
HIP14810,free offset,3,3,2461477.756 2461601.076 2461606.068,keplerian,0.14511285316984585,6.673880842816566,1.4162993549575151e-05,0.007243449097449468,1.3951015373356435,0.3776805187859929,0.1614485820534765,0.390308041635835,1.4745672175542784e-05,0.007299612930628275,1.4106613146238904,21.581691672317163,2.8824963200212856
HIP14810,shared zero point,3,4,2461456.767 2461481.718 2461604.113,keplerian,0.14500197436836068,6.673882241919381,1.1979014296893017e-05,0.006395411729178586,1.3872526993420586,0.31131205041363536,0.13169513102703806,0.390308041635835,1.4745672175542784e-05,0.007299612930628275,1.4106613146238904,9.03660674528811,2.8824963200212856
HIP14810,free offset,3,4,2461456.767 2461481.718 2461604.113,keplerian,0.14507797610937984,6.673881838734429,1.392837234518458e-05,0.007219581330004844,1.3980563168875493,0.36960570963846434,0.13169513411541034,0.390308041635835,1.4745672175542784e-05,0.007299612930628275,1.4106613146238904,21.581485309078005,2.8824963200212856
HIP14810,shared zero point,4,0,2461445.776 2461472.747 2461480.738 2461608.069,keplerian,0.14514287448461072,6.67388205338894,1.2447273493546857e-05,0.007092510975797261,1.3447519117075075,0.3335682780600835,0.16889283974942915,0.390308041635835,1.4745672175542784e-05,0.007299612930628275,1.4106613146238904,8.990106421625045,2.8824963200212856
HIP14810,free offset,4,0,2461445.776 2461472.747 2461480.738 2461608.069,keplerian,0.14510681242527468,6.673881815486384,1.4084916281076667e-05,0.0071928087750199364,1.3919438005767455,0.37368976285269356,0.16918591144590475,0.390308041635835,1.4745672175542784e-05,0.007299612930628275,1.4106613146238904,21.58245614937048,2.8824963200212856
HIP14810,shared zero point,4,1,2461445.800 2461474.724 2461475.760 2461604.112,keplerian,0.1450869032859594,6.673882695282869,1.0861275110191564e-05,0.006054296391357169,1.3550588261026155,0.278939708404794,0.10413064362595657,0.390308041635835,1.4745672175542784e-05,0.007299612930628275,1.4106613146238904,8.992175339262426,2.8824963200212856
HIP14810,free offset,4,1,2461445.800 2461474.724 2461475.760 2461604.112,keplerian,0.14510442267536122,6.673882064058702,1.3514935247444467e-05,0.007185229463232696,1.3889174441311591,0.35917856891134375,0.10559157909368017,0.390308041635835,1.4745672175542784e-05,0.007299612930628275,1.4106613146238904,21.5855654292906,2.8824963200212856
HIP14810,shared zero point,4,2,2461453.804 2461455.812 2461456.820 2461614.079,keplerian,0.1452518542920464,6.673884209023756,1.2535643851302088e-05,0.007034115527024457,1.3348904312100438,0.32780298269880453,0.1540687347761172,0.390308041635835,1.4745672175542784e-05,0.007299612930628275,1.4106613146238904,9.004238553992314,2.8824963200212856
HIP14810,free offset,4,2,2461453.804 2461455.812 2461456.820 2461614.079,keplerian,0.14513185083298655,6.673882305637295,1.4145119095586907e-05,0.007188209778307329,1.385300213322886,0.3737110203669456,0.17169062155268774,0.390308041635835,1.4745672175542784e-05,0.007299612930628275,1.4106613146238904,21.58292176402221,2.8824963200212856
HIP14810,shared zero point,4,3,2461444.714 2461469.775 2461613.065 2461615.041,keplerian,0.1452535408857053,6.673884039657856,1.1491290148619067e-05,0.007030104126235385,1.3475921141822849,0.31344667333420323,0.12889192800823998,0.390308041635835,1.4745672175542784e-05,0.007299612930628275,1.4106613146238904,9.046670254469314,2.8824963200212856
HIP14810,free offset,4,3,2461444.714 2461469.775 2461613.065 2461615.041,keplerian,0.14513160501032082,6.673882456197508,1.3795513721427732e-05,0.00718804383150017,1.3871491123810098,0.36713948943638897,0.1290526649604134,0.390308041635835,1.4745672175542784e-05,0.007299612930628275,1.4106613146238904,21.58780032918419,2.8824963200212856
HIP14810,shared zero point,4,4,2461442.857 2461457.796 2461480.748 2461611.121,keplerian,0.14513916526460635,6.673880510599763,1.156648779193892e-05,0.007191247441985576,1.3655298606856243,0.33366588796002683,0.11306168520235084,0.390308041635835,1.4745672175542784e-05,0.007299612930628275,1.4106613146238904,8.993703115413362,2.8824963200212856
HIP14810,free offset,4,4,2461442.857 2461457.796 2461480.748 2461611.121,keplerian,0.14511524351907837,6.673881331442613,1.3745372666161385e-05,0.007206312468970521,1.3895329835031736,0.3711388259700789,0.11851073492627225,0.390308041635835,1.4745672175542784e-05,0.007299612930628275,1.4106613146238904,21.582347969794043,2.8824963200212856
HIP14810,shared zero point,5,0,2461438.774 2461441.801 2461472.780 2461606.068 2461610.052,keplerian,0.14508619933697461,6.673881778096989,1.1279335666435126e-05,0.006988476182950181,1.332474714573061,0.3041972525522768,0.12645985272398677,0.390308041635835,1.4745672175542784e-05,0.007299612930628275,1.4106613146238904,8.955097205662325,2.8824963200212856
HIP14810,free offset,5,0,2461438.774 2461441.801 2461472.780 2461606.068 2461610.052,keplerian,0.14510105470194273,6.673881689069719,1.368598105783132e-05,0.0071501270957293975,1.3815113870409594,0.36352040341140857,0.12719991161998895,0.390308041635835,1.4745672175542784e-05,0.007299612930628275,1.4106613146238904,21.58423520627469,2.8824963200212856
HIP14810,shared zero point,5,1,2461455.780 2461479.755 2461602.104 2461604.099 2461607.059,keplerian,0.14520033790544945,6.673878298074977,1.045897315025609e-05,0.00597356619571484,1.3432590845313972,0.2640796926794463,0.09914948551108212,0.390308041635835,1.4745672175542784e-05,0.007299612930628275,1.4106613146238904,8.971193881845219,2.8824963200212856
HIP14810,free offset,5,1,2461455.780 2461479.755 2461602.104 2461604.099 2461607.059,keplerian,0.14511076616188479,6.67388074890743,1.3362304025373853e-05,0.007123278970776252,1.3830486199653587,0.3534351150826617,0.10439604656615319,0.390308041635835,1.4745672175542784e-05,0.007299612930628275,1.4106613146238904,21.5789408927184,2.8824963200212856
HIP14810,shared zero point,5,2,2461455.707 2461462.763 2461464.774 2461480.738 2461606.077,keplerian,0.14522537810957875,6.673880872076053,1.0344786644818574e-05,0.006976316879159358,1.3449045683232577,0.2907109678174486,0.10253417040814207,0.390308041635835,1.4745672175542784e-05,0.007299612930628275,1.4106613146238904,8.953390594764501,2.8824963200212856
HIP14810,free offset,5,2,2461455.707 2461462.763 2461464.774 2461480.738 2461606.077,keplerian,0.1451290973184339,6.67388153067978,1.3358279061976501e-05,0.007157357333607337,1.3827067011532161,0.3585379579278367,0.10440324350019095,0.390308041635835,1.4745672175542784e-05,0.007299612930628275,1.4106613146238904,21.584192660140715,2.8824963200212856
HIP14810,shared zero point,5,3,2461447.711 2461464.796 2461471.779 2461603.097 2461616.086,keplerian,0.14501262140489427,6.67388299758452,1.0286332822213375e-05,0.007048451363603997,1.3426815441770776,0.2988885186825778,0.09978148810462552,0.390308041635835,1.4745672175542784e-05,0.007299612930628275,1.4106613146238904,8.959522809427025,2.8824963200212856
HIP14810,free offset,5,3,2461447.711 2461464.796 2461471.779 2461603.097 2461616.086,keplerian,0.1450675089362088,6.673882133067114,1.330217211085797e-05,0.007175054222815289,1.3815570742023195,0.3597407968609014,0.10034757564077873,0.390308041635835,1.4745672175542784e-05,0.007299612930628275,1.4106613146238904,21.581342684914894,2.8824963200212856
HIP14810,shared zero point,5,4,2461445.754 2461461.782 2461471.752 2461473.741 2461607.104,keplerian,0.145094660680208,6.673878966809449,1.111146535790095e-05,0.00689247509478618,1.3381223016288497,0.30088125834586116,0.12525401988659626,0.390308041635835,1.4745672175542784e-05,0.007299612930628275,1.4106613146238904,8.962243139981995,2.8824963200212856
HIP14810,free offset,5,4,2461445.754 2461461.782 2461471.752 2461473.741 2461607.104,keplerian,0.14508290923396855,6.6738809881300725,1.3637132334350184e-05,0.007136542818883408,1.38590406446369,0.3625161324952365,0.12533954825313007,0.390308041635835,1.4745672175542784e-05,0.007299612930628275,1.4106613146238904,21.581260901108706,2.8824963200212856
HD 185269,shared zero point,3,0,2461509.030 2461517.078 2461610.094,keplerian,0.22923853859991244,6.837934940338706,5.463227304884647e-05,0.025385330886900568,1.0922499988013767,1.2669389467771057,0.8470451845382552,1.8495292146700626,7.7891045357855e-05,0.0267419941073562,1.1506578150920361,6.046839440513953,3.129226565520753
HD 185269,free offset,3,0,2461509.030 2461517.078 2461610.094,keplerian,0.22912994046882787,6.837954932038327,6.957611163052672e-05,0.026127411423129434,1.1249549164665718,1.6202516365220059,1.0704730684624963,1.8495292146700626,7.7891045357855e-05,0.0267419941073562,1.1506578150920361,9.73183118329149,3.129226565520753
HD 185269,shared zero point,3,1,2461536.983 2461577.998 2461595.041,keplerian,0.22900509196304375,6.837967648232377,4.6680832484367154e-05,0.026415678444561864,1.1418509984263707,1.1575643485235343,0.6224688114108454,1.8495292146700626,7.7891045357855e-05,0.0267419941073562,1.1506578150920361,6.132101539616801,3.129226565520753
HD 185269,free offset,3,1,2461536.983 2461577.998 2461595.041,keplerian,0.22957329198289733,6.83795572032677,6.47895109434274e-05,0.026487940823374547,1.142526760119148,1.5456020292221493,0.8299781857826776,1.8495292146700626,7.7891045357855e-05,0.0267419941073562,1.1506578150920361,9.733903373248245,3.129226565520753
HD 185269,shared zero point,3,2,2461479.124 2461503.039 2461524.965,keplerian,0.23133205008328198,6.837943438504241,4.9101962406555426e-05,0.026268979106293364,1.1092549518116193,1.2883868154195481,0.6815511977100228,1.8495292146700626,7.7891045357855e-05,0.0267419941073562,1.1506578150920361,6.0413335376098365,3.129226565520753
HD 185269,free offset,3,2,2461479.124 2461503.039 2461524.965,keplerian,0.23034143906941706,6.83794629473975,6.099529246641549e-05,0.026547967073930225,1.135279992351136,1.5193116891182776,0.694595015653816,1.8495292146700626,7.7891045357855e-05,0.0267419941073562,1.1506578150920361,9.735096045282125,3.129226565520753
HD 185269,shared zero point,3,3,2461496.084 2461599.769 2461602.020,keplerian,0.22960110522999685,6.837982381711215,4.609356910091992e-05,0.026245889948561515,1.1015261274601116,1.1758504926044535,0.6422958853873818,1.8495292146700626,7.7891045357855e-05,0.0267419941073562,1.1506578150920361,6.0296305831849795,3.129226565520753
HD 185269,free offset,3,3,2461496.084 2461599.769 2461602.020,keplerian,0.22968334477245597,6.837976939527977,5.805660671704806e-05,0.026591181987172013,1.1354914907842002,1.4296842518929949,0.6442527954858108,1.8495292146700626,7.7891045357855e-05,0.0267419941073562,1.1506578150920361,9.730439756710732,3.129226565520753
HD 185269,shared zero point,3,4,2461500.091 2461510.049 2461604.107,keplerian,0.23197233270619363,6.8379758314054575,6.164968073396932e-05,0.025814188697882167,1.0977807382231268,1.4888533736949023,1.0426880097568278,1.8495292146700626,7.7891045357855e-05,0.0267419941073562,1.1506578150920361,6.04836962100079,3.129226565520753
HD 185269,free offset,3,4,2461500.091 2461510.049 2461604.107,keplerian,0.23065484925784246,6.837972113794809,7.417605720763014e-05,0.026338808240718034,1.1269949783676845,1.752834370821311,1.4109779304245,1.8495292146700626,7.7891045357855e-05,0.0267419941073562,1.1506578150920361,9.733987913742537,3.129226565520753
HD 185269,shared zero point,4,0,2461519.027 2461578.847 2461609.981 2461613.980,keplerian,0.23045647105410494,6.83792488755705,4.786797275024362e-05,0.025826170393647395,1.0963586135138843,1.2341346325113252,0.7097594618141858,1.8495292146700626,7.7891045357855e-05,0.0267419941073562,1.1506578150920361,5.969635874790439,3.129226565520753
HD 185269,free offset,4,0,2461519.027 2461578.847 2461609.981 2461613.980,keplerian,0.23024345298707705,6.837949776829066,6.715425957206205e-05,0.026384473745687004,1.1237303181300586,1.6375665878755756,0.9584174945702135,1.8495292146700626,7.7891045357855e-05,0.0267419941073562,1.1506578150920361,9.733790926937367,3.129226565520753
HD 185269,shared zero point,4,1,2461471.111 2461485.110 2461565.975 2461568.892,keplerian,0.228676667070311,6.8379534570975675,4.771902941182946e-05,0.02635602416428688,1.1194343100726158,1.256235452863638,0.6913290152556962,1.8495292146700626,7.7891045357855e-05,0.0267419941073562,1.1506578150920361,6.008599792205663,3.129226565520753
HD 185269,free offset,4,1,2461471.111 2461485.110 2461565.975 2461568.892,keplerian,0.22922481261726554,6.837976929712236,6.670038447086035e-05,0.02657328606784626,1.1346656617059772,1.6339622133970555,0.9667419598097371,1.8495292146700626,7.7891045357855e-05,0.0267419941073562,1.1506578150920361,9.732871081609927,3.129226565520753
HD 185269,shared zero point,4,2,2461485.096 2461509.075 2461544.997 2461578.869,keplerian,0.22830773424256176,6.8379843163405285,4.241340363373993e-05,0.025379084249270142,1.088990058584082,1.0153485392837376,0.5764346019733302,1.8495292146700626,7.7891045357855e-05,0.0267419941073562,1.1506578150920361,6.002654787955518,3.129226565520753
HD 185269,free offset,4,2,2461485.096 2461509.075 2461544.997 2461578.869,keplerian,0.22924106393671553,6.837976770461671,5.540351584869471e-05,0.026075174934982664,1.1254431422491828,1.3173361098634175,0.6082437851427414,1.8495292146700626,7.7891045357855e-05,0.0267419941073562,1.1506578150920361,9.731549535099992,3.129226565520753
HD 185269,shared zero point,4,3,2461515.060 2461538.968 2461560.039 2461592.781,keplerian,0.22996486802618527,6.837995198469728,4.2929117212723775e-05,0.025948558683462124,1.1051315125595265,1.1249278203181956,0.5996142931599596,1.8495292146700626,7.7891045357855e-05,0.0267419941073562,1.1506578150920361,5.990086680916718,3.129226565520753
HD 185269,free offset,4,3,2461515.060 2461538.968 2461560.039 2461592.781,keplerian,0.22990708646633692,6.837981858747657,6.071544521136704e-05,0.026376430971661594,1.1287344112146809,1.475445875913486,0.7450848181740877,1.8495292146700626,7.7891045357855e-05,0.0267419941073562,1.1506578150920361,9.733250719555135,3.129226565520753
HD 185269,shared zero point,4,4,2461481.099 2461488.131 2461494.121 2461509.040,keplerian,0.23073792689085695,6.837973499159075,4.5723272449854584e-05,0.0254373138153507,1.1225907474085124,1.0533564275886826,0.6070391209772049,1.8495292146700626,7.7891045357855e-05,0.0267419941073562,1.1506578150920361,6.03907357251779,3.129226565520753
HD 185269,free offset,4,4,2461481.099 2461488.131 2461494.121 2461509.040,keplerian,0.23039562178992573,6.837979607665642,7.353923448041172e-05,0.02643700456473703,1.1414055744718694,1.7378402313037014,1.3696765652589018,1.8495292146700626,7.7891045357855e-05,0.0267419941073562,1.1506578150920361,9.72980157143331,3.129226565520753
HD 185269,shared zero point,5,0,2461491.102 2461515.072 2461551.007 2461556.989 2461591.062,keplerian,0.23150229263165925,6.837964312606562,3.766084107624338e-05,0.02452471161369988,1.0855815489114504,0.9353204055164743,0.5020113489585738,1.8495292146700626,7.7891045357855e-05,0.0267419941073562,1.1506578150920361,5.9489732633981784,3.129226565520753
HD 185269,free offset,5,0,2461491.102 2461515.072 2461551.007 2461556.989 2461591.062,keplerian,0.2303368320579372,6.837960089616682,5.384934336398757e-05,0.025913828929009085,1.1190170337699437,1.3229481899201556,0.5956902640975651,1.8495292146700626,7.7891045357855e-05,0.0267419941073562,1.1506578150920361,9.733020482564424,3.129226565520753
HD 185269,shared zero point,5,1,2461526.976 2461549.923 2461580.106 2461598.766 2461609.944,keplerian,0.23082920003119792,6.837962548469782,4.485954467597649e-05,0.025352267990256038,1.0921599131043627,1.1420336628672965,0.6653496322869233,1.8495292146700626,7.7891045357855e-05,0.0267419941073562,1.1506578150920361,5.9506086763582955,3.129226565520753
HD 185269,free offset,5,1,2461526.976 2461549.923 2461580.106 2461598.766 2461609.944,keplerian,0.23028483203880132,6.837963178635865,5.6829882880288484e-05,0.026046010714412853,1.1224607435042926,1.3949561045115018,0.6731697176300452,1.8495292146700626,7.7891045357855e-05,0.0267419941073562,1.1506578150920361,9.73016868165436,3.129226565520753
HD 185269,shared zero point,5,2,2461513.128 2461529.011 2461556.030 2461590.879 2461604.874,keplerian,0.22951865483080933,6.837958609657574,4.1865807524232175e-05,0.02488046009944935,1.107055226249951,0.9501632044798208,0.5499877092981212,1.8495292146700626,7.7891045357855e-05,0.0267419941073562,1.1506578150920361,5.946073967094844,3.129226565520753
HD 185269,free offset,5,2,2461513.128 2461529.011 2461556.030 2461590.879 2461604.874,keplerian,0.22974027711806716,6.837969319774138,6.4972935363387e-05,0.025973801882136036,1.1335758520344064,1.522473617900428,0.8785299127247969,1.8495292146700626,7.7891045357855e-05,0.0267419941073562,1.1506578150920361,9.731640515484417,3.129226565520753
HD 185269,shared zero point,5,3,2461571.016 2461583.869 2461585.114 2461598.978 2461606.878,keplerian,0.22777131890078647,6.837975959450989,3.758301865256951e-05,0.025370649561626175,1.0684924291922686,0.9840851138496927,0.4798917411029896,1.8495292146700626,7.7891045357855e-05,0.0267419941073562,1.1506578150920361,6.021610829084932,3.129226565520753
HD 185269,free offset,5,3,2461571.016 2461583.869 2461585.114 2461598.978 2461606.878,keplerian,0.22869362963795808,6.83796819608529,5.165128222830162e-05,0.026077588387159196,1.1194082063386754,1.2892327492467968,0.5354644012327008,1.8495292146700626,7.7891045357855e-05,0.0267419941073562,1.1506578150920361,9.73044517767551,3.129226565520753
HD 185269,shared zero point,5,4,2461484.115 2461525.971 2461565.876 2461578.113 2461604.776,keplerian,0.228502890026497,6.837972665305083,3.4732351441296744e-05,0.02538014347256017,1.1028110728325042,0.9517195342909329,0.45807419825596524,1.8495292146700626,7.7891045357855e-05,0.0267419941073562,1.1506578150920361,5.97065435688648,3.129226565520753
HD 185269,free offset,5,4,2461484.115 2461525.971 2461565.876 2461578.113 2461604.776,keplerian,0.2292581967799887,6.837970697435454,4.665421897401401e-05,0.026241020629356848,1.1286835515653235,1.188467444357302,0.4625360560128812,1.8495292146700626,7.7891045357855e-05,0.0267419941073562,1.1506578150920361,9.731276327381222,3.129226565520753
HD 217107,shared zero point,3,0,2461603.007 2461605.973 2461609.964,keplerian,0.1257426079459723,7.1268659848887514,3.7997937665849254e-06,0.002642830750077698,0.15874213615685676,0.0781051551008819,0.07312395594118345,0.07816436107728844,3.815261174746901e-06,0.0026448102821222514,0.15892134703429672,4.71430853178056,0.825752125107642
HD 217107,free offset,3,0,2461603.007 2461605.973 2461609.964,keplerian,0.1257375768369467,7.126866106631985,3.7948951715606916e-06,0.002644422184512374,0.15877522275733924,0.07800732637084795,0.07320429978185528,0.07816436107728844,3.815261174746901e-06,0.0026448102821222514,0.15892134703429672,2.3802441869938926,0.825752125107642
HD 217107,shared zero point,3,1,2461578.051 2461582.047 2461591.118,keplerian,0.12572103211793698,7.126865815217546,3.7972841527783e-06,0.0026404668631018063,0.15851670258192063,0.07797696355106212,0.07306599064079981,0.07816436107728844,3.815261174746901e-06,0.0026448102821222514,0.15892134703429672,4.741094598079175,0.825752125107642
HD 217107,free offset,3,1,2461578.051 2461582.047 2461591.118,keplerian,0.12576179685942404,7.126866162839348,3.805683411955529e-06,0.002645165153946504,0.1587625032345358,0.07818222102112606,0.07552194828263187,0.07816436107728844,3.815261174746901e-06,0.0026448102821222514,0.15892134703429672,2.3798456129205547,0.825752125107642
HD 217107,shared zero point,3,2,2461549.064 2461589.077 2461599.007,keplerian,0.12571496496027879,7.126865797785707,3.7948704286965005e-06,0.0026406352256527973,0.1586019987165931,0.07803440905602808,0.07380339191439694,0.07816436107728844,3.815261174746901e-06,0.0026448102821222514,0.15892134703429672,4.7265285196973625,0.825752125107642
HD 217107,free offset,3,2,2461549.064 2461589.077 2461599.007,keplerian,0.12571587932851042,7.126865778209422,3.7985038186385517e-06,0.0026421039009253485,0.15866994347305863,0.07804050842911861,0.07489965326581384,0.07816436107728844,3.815261174746901e-06,0.0026448102821222514,0.15892134703429672,2.381147025334773,0.825752125107642
HD 217107,shared zero point,3,3,2461563.031 2461589.060 2461590.003,keplerian,0.12573777711697148,7.126865891718555,3.799725010693104e-06,0.0026428813913776674,0.15860779789266008,0.07809270070642277,0.0752352033349929,0.07816436107728844,3.815261174746901e-06,0.0026448102821222514,0.15892134703429672,4.719877252136476,0.825752125107642
HD 217107,free offset,3,3,2461563.031 2461589.060 2461590.003,keplerian,0.12575664246661264,7.126865913079593,3.8043647876030513e-06,0.00264127350717666,0.15875441001473328,0.07806612290800288,0.07599399119050664,0.07816436107728844,3.815261174746901e-06,0.0026448102821222514,0.15892134703429672,2.3805336413491527,0.825752125107642
HD 217107,shared zero point,3,4,2461564.098 2461567.013 2461573.099,keplerian,0.12572156913188065,7.126865802024942,3.7950583199155723e-06,0.002639969516761112,0.15880551228160117,0.07790881082789916,0.07196419535454883,0.07816436107728844,3.815261174746901e-06,0.0026448102821222514,0.15892134703429672,4.720243418626721,0.825752125107642
HD 217107,free offset,3,4,2461564.098 2461567.013 2461573.099,keplerian,0.12570044456481572,7.126865581999275,3.781810631138855e-06,0.0026415534756896873,0.1586992569731749,0.07767030143437764,0.07260209697694886,0.07816436107728844,3.815261174746901e-06,0.0026448102821222514,0.15892134703429672,2.3806360931075488,0.825752125107642
HD 217107,shared zero point,4,0,2461543.092 2461571.007 2461580.990 2461584.044,keplerian,0.1257422071608602,7.1268659173184625,3.7875801367608815e-06,0.00263898081019762,0.15874681662693532,0.07790896680444045,0.07088210372680952,0.07816436107728844,3.815261174746901e-06,0.0026448102821222514,0.15892134703429672,4.700621245742531,0.825752125107642
HD 217107,free offset,4,0,2461543.092 2461571.007 2461580.990 2461584.044,keplerian,0.12575644718754792,7.126865879138764,3.7784919029909777e-06,0.0026322871775314506,0.15846209854576762,0.0773730079743587,0.07164810310134517,0.07816436107728844,3.815261174746901e-06,0.0026448102821222514,0.15892134703429672,2.3808168400595657,0.825752125107642
HD 217107,shared zero point,4,1,2461553.060 2461578.085 2461588.001 2461608.914,keplerian,0.12573399890646098,7.126865807813319,3.789484816570141e-06,0.002636252666620291,0.15880226640578646,0.07778969693414549,0.06984344500411303,0.07816436107728844,3.815261174746901e-06,0.0026448102821222514,0.15892134703429672,4.701740778371419,0.825752125107642
HD 217107,free offset,4,1,2461553.060 2461578.085 2461588.001 2461608.914,keplerian,0.12571242064343024,7.12686561297949,3.7737818602910283e-06,0.0026392612461946605,0.15861310864007905,0.07754397807754898,0.07149516538804696,0.07816436107728844,3.815261174746901e-06,0.0026448102821222514,0.15892134703429672,2.3804398996452956,0.825752125107642
HD 217107,shared zero point,4,2,2461572.020 2461573.022 2461575.037 2461578.100,keplerian,0.12572053968774688,7.126865878359836,3.7940025816505894e-06,0.0026448303351100997,0.15884831367333008,0.0781213232707891,0.073256362203659,0.07816436107728844,3.815261174746901e-06,0.0026448102821222514,0.15892134703429672,4.695271447790916,0.825752125107642
HD 217107,free offset,4,2,2461572.020 2461573.022 2461575.037 2461578.100,keplerian,0.12568275932879724,7.126865606506813,3.7816185258410212e-06,0.002634157719859311,0.15817279010021307,0.07756044151690875,0.0733289823524209,0.07816436107728844,3.815261174746901e-06,0.0026448102821222514,0.15892134703429672,2.3813490276394584,0.825752125107642
HD 217107,shared zero point,4,3,2461545.089 2461569.010 2461598.112 2461604.006,keplerian,0.1257355836637762,7.126865795521983,3.7924316571879925e-06,0.0026363377607242482,0.15846672388466837,0.07777995099487339,0.07375104119497136,0.07816436107728844,3.815261174746901e-06,0.0026448102821222514,0.15892134703429672,4.712118541373809,0.825752125107642
HD 217107,free offset,4,3,2461545.089 2461569.010 2461598.112 2461604.006,keplerian,0.12575606665873068,7.126865721726339,3.7879462194181897e-06,0.0026269466042794657,0.15859980284941017,0.0773076583668169,0.07375797384894484,0.07816436107728844,3.815261174746901e-06,0.0026448102821222514,0.15892134703429672,2.3807719861100334,0.825752125107642
HD 217107,shared zero point,4,4,2461556.047 2461581.104 2461602.921 2461613.100,keplerian,0.1257200465444844,7.126865806857401,3.790986109246254e-06,0.0026373963495469784,0.1586103914507562,0.07788647536976148,0.07161862185451102,0.07816436107728844,3.815261174746901e-06,0.0026448102821222514,0.15892134703429672,4.715814714901603,0.825752125107642
HD 217107,free offset,4,4,2461556.047 2461581.104 2461602.921 2461613.100,keplerian,0.1257109881715446,7.126865640437029,3.779700098789223e-06,0.002639947847946913,0.15873748920172112,0.07766329652069612,0.07166247584766708,0.07816436107728844,3.815261174746901e-06,0.0026448102821222514,0.15892134703429672,2.381742057765386,0.825752125107642
HD 217107,shared zero point,5,0,2461547.118 2461587.046 2461594.963 2461598.095 2461606.988,keplerian,0.12577305683621778,7.126866001130529,3.7881323927183025e-06,0.0026390418309222077,0.15861529773350813,0.07786189981047434,0.07057201627336082,0.07816436107728844,3.815261174746901e-06,0.0026448102821222514,0.15892134703429672,4.695392305328194,0.825752125107642
HD 217107,free offset,5,0,2461547.118 2461587.046 2461594.963 2461598.095 2461606.988,keplerian,0.12585734964224704,7.126866092227206,3.7758056149783575e-06,0.0026299963195209417,0.1581204200704523,0.07725785930189014,0.07122694089043982,0.07816436107728844,3.815261174746901e-06,0.0026448102821222514,0.15892134703429672,2.3796898593948774,0.825752125107642
HD 217107,shared zero point,5,1,2461543.105 2461575.995 2461591.034 2461591.993 2461603.115,keplerian,0.12571272486842114,7.1268658568823575,3.787166691653301e-06,0.0026415212271228843,0.15849538057886298,0.07800192658283797,0.07293720059400609,0.07816436107728844,3.815261174746901e-06,0.0026448102821222514,0.15892134703429672,4.695603240478173,0.825752125107642
HD 217107,free offset,5,1,2461543.105 2461575.995 2461591.034 2461591.993 2461603.115,keplerian,0.1256872391919215,7.126865888009493,3.795817447421043e-06,0.0026405345441882057,0.15833460008419267,0.0779376813337936,0.07501671788186265,0.07816436107728844,3.815261174746901e-06,0.0026448102821222514,0.15892134703429672,2.3817439584682556,0.825752125107642
HD 217107,shared zero point,5,2,2461544.105 2461555.118 2461570.080 2461589.959 2461613.974,keplerian,0.12573415415982248,7.126865860373905,3.7854980318375425e-06,0.0026414572830455838,0.15836197896662382,0.07797562604424041,0.07189153880322624,0.07816436107728844,3.815261174746901e-06,0.0026448102821222514,0.15892134703429672,4.699210694396699,0.825752125107642
HD 217107,free offset,5,2,2461544.105 2461555.118 2461570.080 2461589.959 2461613.974,keplerian,0.12575111457553956,7.126866017835062,3.7885462928984737e-06,0.0026377386779559467,0.15781300716071736,0.07786465773631088,0.07378890342367456,0.07816436107728844,3.815261174746901e-06,0.0026448102821222514,0.15892134703429672,2.3808221961706684,0.825752125107642
HD 217107,shared zero point,5,3,2461549.103 2461558.057 2461570.101 2461580.035 2461602.969,keplerian,0.12575080047067017,7.126865867383579,3.7856517677007784e-06,0.0026376646450096825,0.1584174021057144,0.07788557063672413,0.07082514070357135,0.07816436107728844,3.815261174746901e-06,0.0026448102821222514,0.15892134703429672,4.70012014080677,0.825752125107642
HD 217107,free offset,5,3,2461549.103 2461558.057 2461570.101 2461580.035 2461602.969,keplerian,0.1258057433134512,7.12686589945574,3.7733029934174933e-06,0.0026343553998088446,0.15781176938421576,0.07763032327462058,0.07088377577615124,0.07816436107728844,3.815261174746901e-06,0.0026448102821222514,0.15892134703429672,2.3808829128713174,0.825752125107642
HD 217107,shared zero point,5,4,2461548.079 2461557.118 2461604.069 2461608.907 2461611.081,keplerian,0.12572580060093247,7.126865989656364,3.7864941054268383e-06,0.0026380687966311945,0.15839164961118612,0.07780849630907707,0.07277177239375604,0.07816436107728844,3.815261174746901e-06,0.0026448102821222514,0.15892134703429672,4.701216579950039,0.825752125107642
HD 217107,free offset,5,4,2461548.079 2461557.118 2461604.069 2461608.907 2461611.081,keplerian,0.12572716555892607,7.126866383567159,3.780025308803652e-06,0.0026307239927915844,0.15819105279460494,0.07740416989341004,0.0727794027201033,0.07816436107728844,3.815261174746901e-06,0.0026448102821222514,0.15892134703429672,2.3807668988428445,0.825752125107642
