target,case,n_new,realization,dates_bjd,orbit_model,eccentricity,period_days,period_uncertainty_days,conjunction_uncertainty_days,semiamplitude_uncertainty_m_per_s,phase_uncertainty_hours,analytic_phase_uncertainty_hours,baseline_phase_uncertainty_hours,baseline_period_uncertainty_days,baseline_conjunction_uncertainty_days,baseline_semiamplitude_uncertainty_m_per_s,pipeline_new_point_jitter_m_per_s,jitter_m_per_s
HD143105,free offset,3,0,2461439.134 2461464.076 2461549.906,circular,0.0,2.19774094077976,5.570741745239148e-06,0.0036557220453076766,2.0313904107374405,0.2834076833301352,0.26372929806488327,0.8842347475778778,1.6542909449183627e-05,0.0038863855576484036,2.138368533582892,6.923890197763844,6.585154811986396
HD143105,free offset,3,1,2461439.138 2461535.110 2461567.755,circular,0.0,2.1977413364489564,6.362533167652879e-06,0.00338006132220275,1.8037167306913182,0.33112843503807676,0.34838984817071794,0.8842347475778778,1.6542909449183627e-05,0.0038863855576484036,2.138368533582892,6.04178920926269,6.585154811986396
HD143105,free offset,3,2,2461541.096 2461590.826 2461599.904,circular,0.0,2.1977452183739588,6.434535092847611e-06,0.003712407540544021,2.0148581357888893,0.33239309372226417,0.3161721879150447,0.8842347475778778,1.6542909449183627e-05,0.0038863855576484036,2.138368533582892,6.961631455873624,6.585154811986396
HD143105,free offset,3,3,2461457.156 2461567.786 2461579.759,circular,0.0,2.197738276675011,6.7713198128058554e-06,0.003721683008291568,1.9350120381462177,0.35044067467646267,0.3341090711017981,0.8842347475778778,1.6542909449183627e-05,0.0038863855576484036,2.138368533582892,6.8526883137865875,6.585154811986396
HD143105,free offset,3,4,2461455.069 2461504.074 2461536.019,circular,0.0,2.197747168811376,8.63352188533505e-06,0.003831560383114205,1.916215963126683,0.453644305023037,0.437758161047213,0.8842347475778778,1.6542909449183627e-05,0.0038863855576484036,2.138368533582892,6.977529497665964,6.585154811986396
HD143105,free offset,4,0,2461441.129 2461522.052 2461575.801 2461595.945,keplerian,0.030845960062735704,2.1977431309115416,5.435224965249707e-06,0.007039303305947635,1.9408291942737022,0.3323579553828311,0.25192498017236603,0.8842347475778778,1.6542909449183627e-05,0.0038863855576484036,2.138368533582892,6.6148667279685665,6.585154811986396
HD143105,free offset,4,1,2461462.118 2461467.075 2461488.107 2461590.817,circular,0.0,2.197739811666416,5.551224886242429e-06,0.003643747206215776,1.911165542812101,0.2833055322541858,0.26483031537974383,0.8842347475778778,1.6542909449183627e-05,0.0038863855576484036,2.138368533582892,6.9328242795217125,6.585154811986396
HD143105,free offset,4,2,2461503.892 2461529.004 2461551.850 2461556.951,keplerian,0.030894820488061206,2.1977328134668137,5.121436364918465e-06,0.00706229295907233,1.9344781888221607,0.31164662018514017,0.2507816537343777,0.8842347475778778,1.6542909449183627e-05,0.0038863855576484036,2.138368533582892,6.60112926131214,6.585154811986396
HD143105,free offset,4,3,2461461.094 2461464.105 2461541.791 2461570.014,circular,0.0,2.19773129208965,5.678736113468987e-06,0.0036338572643419115,1.923948747142997,0.28997701146198185,0.26881836551771504,0.8842347475778778,1.6542909449183627e-05,0.0038863855576484036,2.138368533582892,6.984148314508181,6.585154811986396
HD143105,free offset,4,4,2461447.058 2461454.094 2461477.966 2461532.974,circular,0.0,2.1977359042655777,8.8529249447619e-06,0.003929535282013108,2.0478352842866516,0.4656098330680607,0.43685198014946197,0.8842347475778778,1.6542909449183627e-05,0.0038863855576484036,2.138368533582892,6.927231038967796,6.585154811986396
HD143105,free offset,5,0,2461472.004 2461505.901 2461526.848 2461578.987 2461583.777,circular,0.0,2.1977329034389808,4.714448881354225e-06,0.003552057428111115,1.9450569931456876,0.23532503279874456,0.21880242037298384,0.8842347475778778,1.6542909449183627e-05,0.0038863855576484036,2.138368533582892,6.986161063077107,6.585154811986396
HD143105,free offset,5,1,2461505.916 2461522.846 2461555.940 2461566.837 2461596.815,circular,0.0,2.197745511642208,6.326316222176606e-06,0.0038013028189744576,1.9117779867839018,0.32642446831416205,0.3001412953987081,0.8842347475778778,1.6542909449183627e-05,0.0038863855576484036,2.138368533582892,6.923133942958463,6.585154811986396
HD143105,free offset,5,2,2461480.108 2461511.074 2461545.802 2461546.984 2461580.862,circular,0.0,2.197743738971982,6.2203438210263605e-06,0.0037068329629774263,1.8686823094914458,0.32054695179253434,0.3033273925420749,0.8842347475778778,1.6542909449183627e-05,0.0038863855576484036,2.138368533582892,6.983631311405979,6.585154811986396
HD143105,free offset,5,3,2461444.102 2461492.023 2461513.087 2461574.796 2461585.851,circular,0.0,2.197746900940738,7.333395230938407e-06,0.0038987872671831197,1.888674537309153,0.38373729699929426,0.3360582108370034,0.8842347475778778,1.6542909449183627e-05,0.0038863855576484036,2.138368533582892,6.959979137801184,6.585154811986396
HD143105,free offset,5,4,2461488.965 2461500.094 2461519.954 2461583.909 2461603.771,circular,0.0,2.197744724124018,9.401724026018823e-06,0.00413367465335283,1.995290591397572,0.4956749955528544,0.4848829783001376,0.8842347475778778,1.6542909449183627e-05,0.0038863855576484036,2.138368533582892,6.9581121434831195,6.585154811986396
HD102956,shared zero point,3,0,2461450.975 2461459.059 2461482.938,keplerian,0.1072639666518275,6.4943850590150625,0.00011584028407291144,0.06994398557552113,2.1555235962201253,2.760749147901176,1.5396811085353737,4.20206375678001,0.00018075706080072676,0.07725463455509411,2.3785551337063957,8.10722719800551,4.43131020699716
HD102956,free offset,3,0,2461450.975 2461459.059 2461482.938,keplerian,0.10409049678973747,6.494349989780153,0.00014190663669768597,0.07111325441609867,2.281558433722825,3.164180351279299,2.0052018733476635,4.20206375678001,0.00018075706080072676,0.07725463455509411,2.3785551337063957,8.39442921997354,4.43131020699716
HD102956,shared zero point,3,1,2461450.954 2461532.940 2461568.852,keplerian,0.10021726186695792,6.494325630195957,9.657379066362498e-05,0.07087293103062466,2.11902211371923,2.4162917422538284,1.2014938038619973,4.20206375678001,0.00018075706080072676,0.07725463455509411,2.3785551337063957,8.104085298157672,4.43131020699716
HD102956,free offset,3,1,2461450.954 2461532.940 2461568.852,keplerian,0.10211498974728563,6.494318589936243,0.00010052247642168875,0.07217614389357778,2.1477718454927355,2.5078913228103783,1.2540161906376603,4.20206375678001,0.00018075706080072676,0.07725463455509411,2.3785551337063957,8.397363722034417,4.43131020699716
HD102956,shared zero point,3,2,2461502.890 2461523.906 2461569.872,keplerian,0.10235970706981021,6.494411281935778,0.00010668299969304532,0.07123419398189838,2.2137066607669564,2.582926928451586,1.293608819417443,4.20206375678001,0.00018075706080072676,0.07725463455509411,2.3785551337063957,8.207509256304826,4.43131020699716
HD102956,free offset,3,2,2461502.890 2461523.906 2461569.872,keplerian,0.10112354953280897,6.494357605567931,0.0001708259852163219,0.0733988511400187,2.295575452636981,3.8484795740964106,3.37224726655622,4.20206375678001,0.00018075706080072676,0.07725463455509411,2.3785551337063957,8.398248071850468,4.43131020699716
HD102956,shared zero point,3,3,2461516.888 2461545.806 2461586.759,keplerian,0.10373654655534667,6.4943439889472385,0.0001047723076174396,0.06973601163874596,2.106043455403578,2.39649553097215,1.3136043948452905,4.20206375678001,0.00018075706080072676,0.07725463455509411,2.3785551337063957,8.061795277475097,4.43131020699716
HD102956,free offset,3,3,2461516.888 2461545.806 2461586.759,keplerian,0.10359076320202451,6.494344056066694,0.00010627146486023994,0.07080010934690087,2.138453323186134,2.4303898142527416,1.3137706024536748,4.20206375678001,0.00018075706080072676,0.07725463455509411,2.3785551337063957,8.393200215688266,4.43131020699716
HD102956,shared zero point,3,4,2461438.928 2461527.859 2461528.761,keplerian,0.09869423491478632,6.494338054356023,0.00010347247492358126,0.07345026949259659,2.2243327450140313,2.5712623661823892,1.1612828743794676,4.20206375678001,0.00018075706080072676,0.07725463455509411,2.3785551337063957,8.348065539903692,4.43131020699716
HD102956,free offset,3,4,2461438.928 2461527.859 2461528.761,keplerian,0.09842109245089592,6.4943348593863535,0.0001069267004981908,0.07462910372634238,2.327044883006066,2.640716915819188,1.1731860677096368,4.20206375678001,0.00018075706080072676,0.07725463455509411,2.3785551337063957,8.420109880908724,4.43131020699716
HD102956,shared zero point,4,0,2461455.137 2461467.882 2461499.751 2461590.788,keplerian,0.10928751838647399,6.494320184311035,0.00011332993173634873,0.07207305132068037,2.075268710608632,2.7846413485379022,1.3498034195280713,4.20206375678001,0.00018075706080072676,0.07725463455509411,2.3785551337063957,8.26065030787137,4.43131020699716
HD102956,free offset,4,0,2461455.137 2461467.882 2461499.751 2461590.788,keplerian,0.10830201731361688,6.494365466286498,0.0001468583101324174,0.07797634207671704,2.3386599922442017,3.6788837095263034,2.2780625841496773,4.20206375678001,0.00018075706080072676,0.07725463455509411,2.3785551337063957,8.399882254864849,4.43131020699716
HD102956,shared zero point,4,1,2461455.152 2461557.890 2461559.799 2461597.749,keplerian,0.1047710088849193,6.494342238550795,8.531506875859245e-05,0.07162156369161778,2.0627680306986473,2.477175397367943,0.9680927279131557,4.20206375678001,0.00018075706080072676,0.07725463455509411,2.3785551337063957,8.074491960009771,4.43131020699716
HD102956,free offset,4,1,2461455.152 2461557.890 2461559.799 2461597.749,keplerian,0.10478947865036081,6.49434032310125,0.00012206652297090731,0.07607869021408564,2.284765451195107,3.298729971553785,1.5589799837958167,4.20206375678001,0.00018075706080072676,0.07725463455509411,2.3785551337063957,8.39584155791281,4.43131020699716
HD102956,shared zero point,4,2,2461459.002 2461465.825 2461469.022 2461497.982,keplerian,0.10420968906012809,6.494331344412644,8.019080875523923e-05,0.06900937664879615,2.2304291540775134,2.1488511487113744,0.8669142977706492,4.20206375678001,0.00018075706080072676,0.07725463455509411,2.3785551337063957,8.091717068208178,4.43131020699716
HD102956,free offset,4,2,2461459.002 2461465.825 2461469.022 2461497.982,keplerian,0.10265803515757395,6.494344690070334,8.231322550645931e-05,0.07330091529103613,2.2485520621781037,2.3187168720283884,0.9224365117333824,4.20206375678001,0.00018075706080072676,0.07725463455509411,2.3785551337063957,8.393819844009837,4.43131020699716
HD102956,shared zero point,4,3,2461452.029 2461500.819 2461509.912 2461596.796,keplerian,0.11825720354235941,6.494361284512095,8.359522901274565e-05,0.07063765807415158,2.121390155211602,2.2346911681176223,0.96030135990734,4.20206375678001,0.00018075706080072676,0.07725463455509411,2.3785551337063957,8.19494709793158,4.43131020699716
HD102956,free offset,4,3,2461452.029 2461500.819 2461509.912 2461596.796,keplerian,0.11511426618316084,6.494372950089593,8.688729342583242e-05,0.071472392749043,2.152271341754826,2.3166343154331828,0.9929880920287928,4.20206375678001,0.00018075706080072676,0.07725463455509411,2.3785551337063957,8.418814392965272,4.43131020699716
HD102956,shared zero point,4,4,2461462.068 2461478.082 2461488.083 2461562.849,keplerian,0.10315318223074063,6.494311749443514,7.023660213946517e-05,0.06806414109863196,2.166102507519377,2.0655419615800907,0.7627267985210786,4.20206375678001,0.00018075706080072676,0.07725463455509411,2.3785551337063957,8.025016250790527,4.43131020699716
HD102956,free offset,4,4,2461462.068 2461478.082 2461488.083 2461562.849,keplerian,0.10437374666880006,6.494312662856256,7.182873333937148e-05,0.07331672714523474,2.208256218152745,2.1391619876363652,0.7696139575177998,4.20206375678001,0.00018075706080072676,0.07725463455509411,2.3785551337063957,8.3958920061017,4.43131020699716
HD102956,shared zero point,5,0,2461450.116 2461461.967 2461550.813 2461569.867 2461594.800,keplerian,0.10587691994371917,6.494327790431604,7.735370275538057e-05,0.06792642234438788,2.0571355926181747,2.1111117322562665,0.8865486838209339,4.20206375678001,0.00018075706080072676,0.07725463455509411,2.3785551337063957,7.895638550648032,4.43131020699716
HD102956,free offset,5,0,2461450.116 2461461.967 2461550.813 2461569.867 2461594.800,keplerian,0.1060631149557567,6.4943283491399715,7.845701297116464e-05,0.06933130810961328,2.0945208207252337,2.15093288135044,0.8888672547604665,4.20206375678001,0.00018075706080072676,0.07725463455509411,2.3785551337063957,8.393854288621561,4.43131020699716
HD102956,shared zero point,5,1,2461478.807 2461549.918 2461557.780 2461562.821 2461581.809,keplerian,0.1016067606893004,6.494292280279817,8.753116336990774e-05,0.06527351913988987,2.0961740320096633,1.9775708354146253,0.9231753208507717,4.20206375678001,0.00018075706080072676,0.07725463455509411,2.3785551337063957,7.8974262556086465,4.43131020699716
HD102956,free offset,5,1,2461478.807 2461549.918 2461557.780 2461562.821 2461581.809,keplerian,0.1040496068437431,6.494341258736739,0.00013929008583106833,0.06751620862745904,2.126233304570423,3.0119518710371116,2.2114881093478225,4.20206375678001,0.00018075706080072676,0.07725463455509411,2.3785551337063957,8.392707660086536,4.43131020699716
HD102956,shared zero point,5,2,2461515.779 2461562.855 2461588.793 2461595.774 2461599.756,keplerian,0.10922411989263259,6.494302227391547,9.740681817566836e-05,0.06937414933509213,2.1413310082829153,2.312954975407367,1.0559749647876142,4.20206375678001,0.00018075706080072676,0.07725463455509411,2.3785551337063957,8.1594864165773,4.43131020699716
HD102956,free offset,5,2,2461515.779 2461562.855 2461588.793 2461595.774 2461599.756,keplerian,0.10906578159563694,6.494300157379493,0.00013491861349466025,0.07050357262369773,2.265562651753069,2.9313680662993815,1.5591310500511424,4.20206375678001,0.00018075706080072676,0.07725463455509411,2.3785551337063957,8.420457137220124,4.43131020699716
HD102956,shared zero point,5,3,2461453.068 2461465.837 2461470.822 2461574.749 2461592.796,keplerian,0.10244785512813737,6.494351937404104,8.044868769355618e-05,0.07071969938893197,2.0799327152443454,2.198393907513335,0.9191059296900654,4.20206375678001,0.00018075706080072676,0.07725463455509411,2.3785551337063957,7.969963567480608,4.43131020699716
HD102956,free offset,5,3,2461453.068 2461465.837 2461470.822 2461574.749 2461592.796,keplerian,0.10418840235651253,6.494377110701745,8.944351711200807e-05,0.07194037548093768,2.130712493984815,2.399675553140241,1.0847071843685299,4.20206375678001,0.00018075706080072676,0.07725463455509411,2.3785551337063957,8.405091088486158,4.43131020699716
HD102956,shared zero point,5,4,2461450.944 2461509.767 2461521.936 2461524.819 2461545.801,keplerian,0.10496366282158334,6.4943572981767215,9.777742204855471e-05,0.06912135383062792,1.9391692841477262,2.536238432351108,1.271709241080256,4.20206375678001,0.00018075706080072676,0.07725463455509411,2.3785551337063957,7.882153284021988,4.43131020699716
HD102956,free offset,5,4,2461450.944 2461509.767 2461521.936 2461524.819 2461545.801,keplerian,0.10352781777587197,6.494349073935152,0.00010293322747730828,0.07123547102798443,1.9658109419301915,2.5812185352689645,1.3473403051573254,4.20206375678001,0.00018075706080072676,0.07725463455509411,2.3785551337063957,8.395070252849566,4.43131020699716
HD 103774,free offset,3,0,2461495.881 2461517.793 2461523.816,circular,0.0,5.887855678460441,0.0002333368840121156,0.045192202054139874,1.8403670889893826,6.0180426037763155,2.051967344846489,8.024759340713501,0.0003093523771745132,0.0458223675503205,1.8662510484215966,12.877515872913229,2.9808469717724826
HD 103774,free offset,3,1,2461486.888 2461549.785 2461552.756,circular,0.0,5.887958485654695,0.00020561648312067125,0.04516875198908801,1.8296101551390176,5.272697453198047,1.744752374635067,8.024759340713501,0.0003093523771745132,0.0458223675503205,1.8662510484215966,12.863141972117045,2.9808469717724826
HD 103774,free offset,3,2,2461488.896 2461544.909 2461589.762,circular,0.0,5.887868928910412,0.0002258321245256405,0.04505740236684398,1.8311990315616664,5.8033382428982065,2.146302687280582,8.024759340713501,0.0003093523771745132,0.0458223675503205,1.8662510484215966,12.875134969399545,2.9808469717724826
HD 103774,free offset,3,3,2461489.048 2461544.810 2461558.834,circular,0.0,5.887896796433024,0.00025765358191955334,0.04558007862951467,1.814469346300167,6.651827624881591,2.7893588903628888,8.024759340713501,0.0003093523771745132,0.0458223675503205,1.8662510484215966,12.8707792293494,2.9808469717724826
HD 103774,free offset,3,4,2461441.950 2461487.073 2461533.793,circular,0.0,5.887970660802408,0.00021601440633278626,0.044870189213022355,1.8440051679024558,5.5366256956016455,1.8091741307976132,8.024759340713501,0.0003093523771745132,0.0458223675503205,1.8662510484215966,12.860867657786624,2.9808469717724826
HD 103774,free offset,4,0,2461464.873 2461469.036 2461493.001 2461569.782,circular,0.0,5.887943404996218,0.0002619190442104414,0.04567483344142182,1.8324831083138515,6.762937503578839,2.811166241469678,8.024759340713501,0.0003093523771745132,0.0458223675503205,1.8662510484215966,12.863738376535329,2.9808469717724826
HD 103774,free offset,4,1,2461468.846 2461478.032 2461573.822 2461575.818,circular,0.0,5.887910746953764,0.00017793302260237862,0.04431188091103163,1.817682153247436,4.526663452542509,1.58028638195757,8.024759340713501,0.0003093523771745132,0.0458223675503205,1.8662510484215966,12.86763828387581,2.9808469717724826
HD 103774,free offset,4,2,2461456.995 2461469.907 2461477.815 2461487.954,circular,0.0,5.8879090771610185,0.00018578121928266236,0.04448594674689996,1.8216326707050408,4.734260858013708,1.459033638458117,8.024759340713501,0.0003093523771745132,0.0458223675503205,1.8662510484215966,12.868246035712039,2.9808469717724826
HD 103774,free offset,4,3,2461481.852 2461548.783 2461551.770 2461572.800,circular,0.0,5.887851801759364,0.00015553747254005765,0.04415520926150055,1.8319454260585817,3.927114793911695,1.1104460824269222,8.024759340713501,0.0003093523771745132,0.0458223675503205,1.8662510484215966,12.878515185750357,2.9808469717724826
HD 103774,free offset,4,4,2461467.043 2461472.991 2461521.890 2461546.879,circular,0.0,5.887918260843596,0.0001770832736377798,0.04462103341337043,1.8187046597433414,4.507602191769784,1.3564936265504703,8.024759340713501,0.0003093523771745132,0.0458223675503205,1.8662510484215966,12.86771297409333,2.9808469717724826
HD 103774,free offset,5,0,2461455.106 2461459.047 2461463.089 2461486.853 2461546.904,circular,0.0,5.887986327105106,0.00017626636384325577,0.04400232617705849,1.7999460307899855,4.480806379282802,1.4218999049226193,8.024759340713501,0.0003093523771745132,0.0458223675503205,1.8662510484215966,12.859742287686323,2.9808469717724826
HD 103774,free offset,5,1,2461466.074 2461476.918 2461482.074 2461518.805 2461558.844,circular,0.0,5.887918295642485,0.0001908519658501326,0.04447805180207291,1.8304427551755236,4.877414899506864,1.541792770266409,8.024759340713501,0.0003093523771745132,0.0458223675503205,1.8662510484215966,12.866810380663246,2.9808469717724826
HD 103774,free offset,5,2,2461461.911 2461504.997 2461514.767 2461565.788 2461575.783,circular,0.0,5.887878957526886,0.00017803124235398824,0.04417221746358283,1.7878652374248485,4.5368210625131296,1.3761015767215161,8.024759340713501,0.0003093523771745132,0.0458223675503205,1.8662510484215966,12.87290545519208,2.9808469717724826
HD 103774,free offset,5,3,2461440.144 2461441.105 2461450.049 2461478.930 2461536.855,circular,0.0,5.887976658184918,0.00016889323368085964,0.04437686630824287,1.7989095385761102,4.284116075687136,1.2536950540300897,8.024759340713501,0.0003093523771745132,0.0458223675503205,1.8662510484215966,12.861808449849004,2.9808469717724826
HD 103774,free offset,5,4,2461462.134 2461497.781 2461503.919 2461550.862 2461569.834,circular,0.0,5.887922504955723,0.0002578279941195969,0.045919680061335066,1.8144144649652763,6.668295964325169,3.1146414462301957,8.024759340713501,0.0003093523771745132,0.0458223675503205,1.8662510484215966,12.866094112322095,2.9808469717724826
HD102195,shared zero point,3,0,2461461.112 2461476.987 2461571.818,circular,0.0,4.113252344399528,3.375581709996619e-05,0.015227369507132809,1.4683363465481096,1.37412999416718,1.0396789329462137,2.062099368104493,4.954022672922575e-05,0.015802379604065924,1.5240617856104308,9.210427903557369,6.334364531529962
HD102195,free offset,3,0,2461461.112 2461476.987 2461571.818,circular,0.0,4.113245157086362,4.725809733363614e-05,0.01582341111665119,1.509392194483471,1.9650417893449412,1.8679701506050885,2.062099368104493,4.954022672922575e-05,0.015802379604065924,1.5240617856104308,9.622962250679821,6.334364531529962
HD102195,shared zero point,3,1,2461494.857 2461569.793 2461595.775,circular,0.0,4.113243781116139,3.889181846365196e-05,0.015440844527669929,1.4676077490856996,1.5969743374835246,1.3039444794570743,2.062099368104493,4.954022672922575e-05,0.015802379604065924,1.5240617856104308,9.278236001556685,6.334364531529962
HD102195,free offset,3,1,2461494.857 2461569.793 2461595.775,circular,0.0,4.113245567691463,4.0352367482920466e-05,0.015602123019554767,1.4797583783769002,1.6663897974217108,1.3547043005467105,2.062099368104493,4.954022672922575e-05,0.015802379604065924,1.5240617856104308,9.634386100385456,6.334364531529962
HD102195,shared zero point,3,2,2461437.929 2461450.024 2461471.805,circular,0.0,4.1132132087335,3.881835620851955e-05,0.015325719441120935,1.4714615834050748,1.597425317197018,1.2220482189689277,2.062099368104493,4.954022672922575e-05,0.015802379604065924,1.5240617856104308,9.614793918049855,6.334364531529962
HD102195,free offset,3,2,2461437.929 2461450.024 2461471.805,circular,0.0,4.113214767658702,4.6996454901995245e-05,0.015787341613193926,1.4982548665984408,1.9620350326956126,1.687978895551698,2.062099368104493,4.954022672922575e-05,0.015802379604065924,1.5240617856104308,9.718270129529632,6.334364531529962
HD102195,shared zero point,3,3,2461455.872 2461459.019 2461547.746,keplerian,0.05441365416230164,4.113245622861098,3.0993935816352124e-05,0.031525411004828724,1.4609180896932914,1.4561600797194596,0.984969117328578,2.062099368104493,4.954022672922575e-05,0.015802379604065924,1.5240617856104308,9.118323600042995,6.334364531529962
HD102195,free offset,3,3,2461455.872 2461459.019 2461547.746,circular,0.0,4.113239993580918,3.3383516105536694e-05,0.015422239874022903,1.4958499874862694,1.3612206368648407,0.9920121627354002,2.062099368104493,4.954022672922575e-05,0.015802379604065924,1.5240617856104308,9.653267522925757,6.334364531529962
HD102195,shared zero point,3,4,2461517.812 2461551.822 2461561.817,circular,0.0,4.113215272327222,3.337545814908814e-05,0.015281286872625224,1.4741219725524075,1.3639258939639602,1.0068366376907787,2.062099368104493,4.954022672922575e-05,0.015802379604065924,1.5240617856104308,9.5648237060237,6.334364531529962
HD102195,free offset,3,4,2461517.812 2461551.822 2461561.817,circular,0.0,4.113216776590873,3.355010096436759e-05,0.01525624751950393,1.4755173536270996,1.3734656515908117,1.0070188662899442,2.062099368104493,4.954022672922575e-05,0.015802379604065924,1.5240617856104308,9.73571676152331,6.334364531529962
HD102195,shared zero point,4,0,2461484.896 2461499.923 2461549.842 2461586.784,circular,0.0,4.113240155836068,3.0907285463657216e-05,0.015023263707404087,1.4711142344244799,1.2419166293352597,0.8936272129616525,2.062099368104493,4.954022672922575e-05,0.015802379604065924,1.5240617856104308,9.257763945832892,6.334364531529962
HD102195,free offset,4,0,2461484.896 2461499.923 2461549.842 2461586.784,circular,0.0,4.11325649803402,4.0910437271615455e-05,0.015382339220324592,1.4658641765440144,1.689497881585803,1.413346132675119,2.062099368104493,4.954022672922575e-05,0.015802379604065924,1.5240617856104308,9.604210272890672,6.334364531529962
HD102195,shared zero point,4,1,2461520.860 2461533.941 2461578.772 2461586.813,circular,0.0,4.113214388366942,3.1024185084322116e-05,0.01505160188439411,1.475966076126084,1.2555705787648779,0.8416950245485703,2.062099368104493,4.954022672922575e-05,0.015802379604065924,1.5240617856104308,9.402750045400639,6.334364531529962
HD102195,free offset,4,1,2461520.860 2461533.941 2461578.772 2461586.813,circular,0.0,4.113230433021903,4.640327147785515e-05,0.015947401240044443,1.4992638656525776,1.927280048640808,1.786404167944251,2.062099368104493,4.954022672922575e-05,0.015802379604065924,1.5240617856104308,9.678966551240055,6.334364531529962
HD102195,shared zero point,4,2,2461440.008 2461537.830 2461571.754 2461591.765,circular,0.0,4.113249201601122,3.568574058678839e-05,0.015165489954363889,1.4382091381752737,1.4603654233404502,1.1637891068875643,2.062099368104493,4.954022672922575e-05,0.015802379604065924,1.5240617856104308,9.264586809716544,6.334364531529962
HD102195,free offset,4,2,2461440.008 2461537.830 2461571.754 2461591.765,circular,0.0,4.113250254734758,3.680145469454905e-05,0.015457260776129468,1.5068845782715685,1.5095143009269374,1.174333194814508,2.062099368104493,4.954022672922575e-05,0.015802379604065924,1.5240617856104308,9.606041723582802,6.334364531529962
HD102195,shared zero point,4,3,2461443.028 2461475.920 2461499.917 2461562.840,circular,0.0,4.113245885322611,3.166685257251147e-05,0.014882250032599117,1.4576320210198739,1.2784071270833168,0.9182723122526908,2.062099368104493,4.954022672922575e-05,0.015802379604065924,1.5240617856104308,9.155575462008587,6.334364531529962
HD102195,free offset,4,3,2461443.028 2461475.920 2461499.917 2461562.840,circular,0.0,4.113242908837931,4.5206136506710185e-05,0.015598389587822753,1.4675541583930363,1.8781288413270556,1.7291959538754167,2.062099368104493,4.954022672922575e-05,0.015802379604065924,1.5240617856104308,9.627235289776264,6.334364531529962
HD102195,shared zero point,4,4,2461506.801 2461507.965 2461524.794 2461528.909,keplerian,0.05481200184948434,4.113283035163285,2.827353638923189e-05,0.03188229687295463,1.460057573069181,1.3811180953158502,0.8375543070499396,2.062099368104493,4.954022672922575e-05,0.015802379604065924,1.5240617856104308,8.988217014128093,6.334364531529962
HD102195,free offset,4,4,2461506.801 2461507.965 2461524.794 2461528.909,circular,0.0,4.113272758896194,3.1311017678161905e-05,0.015086070864362363,1.4916163464725019,1.2706700640563962,0.9303583180973592,2.062099368104493,4.954022672922575e-05,0.015802379604065924,1.5240617856104308,9.608459109318105,6.334364531529962
HD102195,shared zero point,5,0,2461504.745 2461548.768 2461551.759 2461564.825 2461574.839,keplerian,0.05528533409724917,4.113227418822009,3.0317985897084553e-05,0.031143611997471475,1.4439298130958325,1.418985867803791,0.903686461112237,2.062099368104493,4.954022672922575e-05,0.015802379604065924,1.5240617856104308,9.324351353966202,6.334364531529962
HD102195,free offset,5,0,2461504.745 2461548.768 2461551.759 2461564.825 2461574.839,keplerian,0.0542667110941325,4.113224935096095,3.078981251087689e-05,0.03129213229480022,1.444061794894352,1.4421380763274825,0.9089297747347271,2.062099368104493,4.954022672922575e-05,0.015802379604065924,1.5240617856104308,9.590154883690534,6.334364531529962
HD102195,shared zero point,5,1,2461461.937 2461476.928 2461512.764 2461551.842 2461566.850,circular,0.0,4.1132407298037075,2.9788521813453826e-05,0.014981310512851334,1.4515761518747712,1.202613442199283,0.9019938629435957,2.062099368104493,4.954022672922575e-05,0.015802379604065924,1.5240617856104308,9.109135467421908,6.334364531529962
HD102195,free offset,5,1,2461461.937 2461476.928 2461512.764 2461551.842 2461566.850,circular,0.0,4.113236444861663,3.091398661060108e-05,0.015017534155449453,1.4559584109680115,1.2589752133724688,0.9068256750105768,2.062099368104493,4.954022672922575e-05,0.015802379604065924,1.5240617856104308,9.639407437539393,6.334364531529962
HD102195,shared zero point,5,2,2461464.059 2461486.873 2461489.888 2461544.911 2461569.802,circular,0.0,4.113245270191583,3.224948771578823e-05,0.01502000613947733,1.4346551692951561,1.3065040084886737,0.9805269375350738,2.062099368104493,4.954022672922575e-05,0.015802379604065924,1.5240617856104308,9.274398125611643,6.334364531529962
HD102195,free offset,5,2,2461464.059 2461486.873 2461489.888 2461544.911 2461569.802,circular,0.0,4.1132418974754135,3.3148649778119435e-05,0.015175402764880178,1.4446371286423316,1.352180117279604,0.9959557699019371,2.062099368104493,4.954022672922575e-05,0.015802379604065924,1.5240617856104308,9.66291798505633,6.334364531529962
HD102195,shared zero point,5,3,2461522.789 2461535.905 2461543.784 2461578.753 2461580.750,circular,0.0,4.113243581682483,2.6256096302657357e-05,0.014748212796287038,1.4623874757476616,1.0523323123579198,0.7590202703073673,2.062099368104493,4.954022672922575e-05,0.015802379604065924,1.5240617856104308,9.041855466257799,6.334364531529962
HD102195,free offset,5,3,2461522.789 2461535.905 2461543.784 2461578.753 2461580.750,circular,0.0,4.113241616257155,3.0502685017237562e-05,0.015007019924777184,1.472371829608938,1.2411340313188899,0.8991657249191843,2.062099368104493,4.954022672922575e-05,0.015802379604065924,1.5240617856104308,9.640935635153234,6.334364531529962
HD102195,shared zero point,5,4,2461480.994 2461481.864 2461517.813 2461565.776 2461574.753,circular,0.0,4.113244008731797,3.002990917230008e-05,0.01499432357302916,1.4451709953668805,1.20765862248011,0.9042546479084586,2.062099368104493,4.954022672922575e-05,0.015802379604065924,1.5240617856104308,9.168899952875716,6.334364531529962
HD102195,free offset,5,4,2461480.994 2461481.864 2461517.813 2461565.776 2461574.753,circular,0.0,4.113241676454159,3.084841689201385e-05,0.015017215882472599,1.454233367807336,1.2515797689802992,0.9076115782514516,2.062099368104493,4.954022672922575e-05,0.015802379604065924,1.5240617856104308,9.64774537127205,6.334364531529962
HD88133,shared zero point,3,0,2461473.020 2461487.996 2461501.977,circular,0.0,3.414846111356853,1.5588944371421812e-05,0.009707641949054368,0.5691074260598052,0.682261503344124,0.6234605804391481,0.7942200436635698,1.7915867669182295e-05,0.009967602569097513,0.5800793349151011,3.7936318861958007,2.8060833187300003
HD88133,free offset,3,0,2461473.020 2461487.996 2461501.977,circular,0.0,3.414843915963267,1.6078697719057657e-05,0.009797494042220712,0.5707000856947216,0.7062820354139818,0.6563663329412488,0.7942200436635698,1.7915867669182295e-05,0.009967602569097513,0.5800793349151011,3.839283073375407,2.8060833187300003
HD88133,shared zero point,3,1,2461451.091 2461543.824 2461547.748,circular,0.0,3.414849961767631,1.546590322775429e-05,0.009665011252707956,0.5626605162552359,0.6747773174811377,0.6227090726513362,0.7942200436635698,1.7915867669182295e-05,0.009967602569097513,0.5800793349151011,3.7848245666400024,2.8060833187300003
HD88133,free offset,3,1,2461451.091 2461543.824 2461547.748,circular,0.0,3.414849456148528,1.681475413109915e-05,0.009907404014352564,0.5723803203486711,0.7418418462307845,0.7142018874739726,0.7942200436635698,1.7915867669182295e-05,0.009967602569097513,0.5800793349151011,3.8399106448698905,2.8060833187300003
HD88133,shared zero point,3,2,2461497.830 2461518.825 2461521.764,circular,0.0,3.414858934072663,1.4795857508908165e-05,0.009602041266749609,0.5740652130125675,0.6403641517310945,0.567068162887464,0.7942200436635698,1.7915867669182295e-05,0.009967602569097513,0.5800793349151011,3.8143365862516685,2.8060833187300003
HD88133,free offset,3,2,2461497.830 2461518.825 2461521.764,circular,0.0,3.414845906992807,1.7742789724893587e-05,0.010001979849308566,0.5717850429740193,0.7864871363777879,0.7940433831495793,0.7942200436635698,1.7915867669182295e-05,0.009967602569097513,0.5800793349151011,3.8388715495362904,2.8060833187300003
HD88133,shared zero point,3,3,2461442.135 2461465.903 2461479.883,circular,0.0,3.414845995308969,1.5650509172612226e-05,0.009694369262035398,0.5693510124404917,0.685624460756854,0.633168072801759,0.7942200436635698,1.7915867669182295e-05,0.009967602569097513,0.5800793349151011,3.7780966382772423,2.8060833187300003
HD88133,free offset,3,3,2461442.135 2461465.903 2461479.883,circular,0.0,3.4148456856168945,1.7617675490373916e-05,0.009970477347587369,0.5740763453346691,0.780300415259628,0.7840329062140342,0.7942200436635698,1.7915867669182295e-05,0.009967602569097513,0.5800793349151011,3.838873298035317,2.8060833187300003
HD88133,shared zero point,3,4,2461459.893 2461463.831 2461480.899,circular,0.0,3.414850427281621,1.5471111592738835e-05,0.009776612307566152,0.5814552127576836,0.6722496435751236,0.6029688614274179,0.7942200436635698,1.7915867669182295e-05,0.009967602569097513,0.5800793349151011,3.883060528278694,2.8060833187300003
HD88133,free offset,3,4,2461459.893 2461463.831 2461480.899,circular,0.0,3.414841339639256,1.7715929829970407e-05,0.010122217131812642,0.5834860810768869,0.7842444064363283,0.7646414401584509,0.7942200436635698,1.7915867669182295e-05,0.009967602569097513,0.5800793349151011,3.840613920897257,2.8060833187300003
HD88133,shared zero point,4,0,2461463.937 2461531.825 2461541.774 2461545.871,circular,0.0,3.4148570068719355,1.4605444379662547e-05,0.009579985896804866,0.5698723646804422,0.6303429657884067,0.5506097213388381,0.7942200436635698,1.7915867669182295e-05,0.009967602569097513,0.5800793349151011,3.8089325040278914,2.8060833187300003
HD88133,free offset,4,0,2461463.937 2461531.825 2461541.774 2461545.871,circular,0.0,3.4148506704840993,1.7284098805169263e-05,0.01004938731278677,0.5747648745075831,0.7642942180698611,0.7459413548605052,0.7942200436635698,1.7915867669182295e-05,0.009967602569097513,0.5800793349151011,3.8408562501238026,2.8060833187300003
HD88133,shared zero point,4,1,2461469.820 2461506.869 2461527.843 2461568.766,circular,0.0,3.414851637347787,1.6220284375980345e-05,0.009828470691044736,0.5619408106961656,0.7136052966163904,0.6768811949947723,0.7942200436635698,1.7915867669182295e-05,0.009967602569097513,0.5800793349151011,3.776960095148411,2.8060833187300003
HD88133,free offset,4,1,2461469.820 2461506.869 2461527.843 2461568.766,circular,0.0,3.4148474473874253,1.707059343167969e-05,0.009920451671579686,0.5711410029801776,0.7535509652857322,0.7418173463242433,0.7942200436635698,1.7915867669182295e-05,0.009967602569097513,0.5800793349151011,3.839067260630836,2.8060833187300003
HD88133,shared zero point,4,2,2461473.965 2461486.018 2461486.920 2461572.786,circular,0.0,3.4148628631535956,1.486177731937849e-05,0.009624458868328793,0.5723355839708061,0.6428168095845932,0.5676386208341868,0.7942200436635698,1.7915867669182295e-05,0.009967602569097513,0.5800793349151011,3.838959189458498,2.8060833187300003
HD88133,free offset,4,2,2461473.965 2461486.018 2461486.920 2461572.786,circular,0.0,3.414862109961322,1.4955272165061414e-05,0.009672687649435819,0.5764390040297201,0.6474366705603807,0.5724814991632664,0.7942200436635698,1.7915867669182295e-05,0.009967602569097513,0.5800793349151011,3.8591380697282234,2.8060833187300003
HD88133,shared zero point,4,3,2461454.957 2461505.860 2461530.808 2461555.838,circular,0.0,3.414838163442024,1.4944719096442385e-05,0.009608244755262613,0.5595664092486833,0.647922461041927,0.5883555758638221,0.7942200436635698,1.7915867669182295e-05,0.009967602569097513,0.5800793349151011,3.780765123787697,2.8060833187300003
HD88133,free offset,4,3,2461454.957 2461505.860 2461530.808 2461555.838,circular,0.0,3.4148380945565187,1.5205242880026317e-05,0.009684993492438357,0.5638277910041235,0.6606615848731044,0.6000172452360574,0.7942200436635698,1.7915867669182295e-05,0.009967602569097513,0.5800793349151011,3.8438245178260524,2.8060833187300003
HD88133,shared zero point,4,4,2461441.958 2461473.998 2461480.866 2461535.880,circular,0.0,3.414847743745339,1.3696227096378655e-05,0.009401356469117595,0.5686682537962254,0.5867315267481763,0.5092435867066387,0.7942200436635698,1.7915867669182295e-05,0.009967602569097513,0.5800793349151011,3.7697923013963504,2.8060833187300003
HD88133,free offset,4,4,2461441.958 2461473.998 2461480.866 2461535.880,circular,0.0,3.41484534968012,1.4428613137404302e-05,0.009537209848169585,0.5706456603167512,0.6236956117654727,0.5511015491592094,0.7942200436635698,1.7915867669182295e-05,0.009967602569097513,0.5800793349151011,3.838918063063522,2.8060833187300003
HD88133,shared zero point,5,0,2461499.870 2461517.918 2461526.742 2461562.803 2461565.757,circular,0.0,3.4148449234872436,1.4198251251571527e-05,0.009495794353898966,0.5612325121805289,0.6100336314850527,0.5402773158004615,0.7942200436635698,1.7915867669182295e-05,0.009967602569097513,0.5800793349151011,3.7781102821938037,2.8060833187300003
HD88133,free offset,5,0,2461499.870 2461517.918 2461526.742 2461562.803 2461565.757,circular,0.0,3.4148449543269876,1.4263211384089337e-05,0.009540651020906808,0.5650241832015475,0.6128701778335943,0.5403223707297883,0.7942200436635698,1.7915867669182295e-05,0.009967602569097513,0.5800793349151011,3.83942535569162,2.8060833187300003
HD88133,shared zero point,5,1,2461460.072 2461496.855 2461510.861 2461552.775 2461575.774,circular,0.0,3.4148382051271953,1.5064262233378533e-05,0.009612283890458023,0.5571274143532859,0.6554050593603591,0.5971065003231492,0.7942200436635698,1.7915867669182295e-05,0.009967602569097513,0.5800793349151011,3.76541009032348,2.8060833187300003
HD88133,free offset,5,1,2461460.072 2461496.855 2461510.861 2461552.775 2461575.774,circular,0.0,3.414837379107453,1.543345639328927e-05,0.009733917565106527,0.5687564801058081,0.6744302795465282,0.6135683723938528,0.7942200436635698,1.7915867669182295e-05,0.009967602569097513,0.5800793349151011,3.8442434625413604,2.8060833187300003
HD88133,shared zero point,5,2,2461449.785 2461460.917 2461543.827 2461571.777 2461572.771,circular,0.0,3.4148551789531223,1.437137965884502e-05,0.009566126199128994,0.5658650456040454,0.6190799036596156,0.5467415790946805,0.7942200436635698,1.7915867669182295e-05,0.009967602569097513,0.5800793349151011,3.8232342419399816,2.8060833187300003
HD88133,free offset,5,2,2461449.785 2461460.917 2461543.827 2461571.777 2461572.771,circular,0.0,3.414854286956723,1.4394253062196801e-05,0.009572655769043424,0.5657825298855034,0.6203896253658494,0.5497899204709856,0.7942200436635698,1.7915867669182295e-05,0.009967602569097513,0.5800793349151011,3.8445879447781666,2.8060833187300003
HD88133,shared zero point,5,3,2461451.982 2461472.903 2461503.779 2461549.824 2461565.783,circular,0.0,3.4148524240275755,1.4697463804936723e-05,0.009564556718778684,0.5592602186632631,0.6382851367617692,0.5796907892406303,0.7942200436635698,1.7915867669182295e-05,0.009967602569097513,0.5800793349151011,3.766586519087691,2.8060833187300003
HD88133,free offset,5,3,2461451.982 2461472.903 2461503.779 2461549.824 2461565.783,circular,0.0,3.4148528300860015,1.4990204454620959e-05,0.009637533510077784,0.5625285359652985,0.652098961692209,0.593625878923355,0.7942200436635698,1.7915867669182295e-05,0.009967602569097513,0.5800793349151011,3.842651263728213,2.8060833187300003
HD88133,shared zero point,5,4,2461451.065 2461512.842 2461526.812 2461538.778 2461570.791,circular,0.0,3.414847869154545,1.5262807880520068e-05,0.009679652823972982,0.5535025024004722,0.6626095869477852,0.6019062266293601,0.7942200436635698,1.7915867669182295e-05,0.009967602569097513,0.5800793349151011,3.7960324872487123,2.8060833187300003
HD88133,free offset,5,4,2461451.065 2461512.842 2461526.812 2461538.778 2461570.791,circular,0.0,3.414848720232297,1.5365575279045645e-05,0.009715485943220909,0.5668015117776347,0.6680201635076741,0.6082034043443842,0.7942200436635698,1.7915867669182295e-05,0.009967602569097513,0.5800793349151011,3.8394943764464786,2.8060833187300003
HD 103720,free offset,3,0,2461508.938 2461527.777 2461534.787,keplerian,0.08958805624835592,4.5557144320935254,4.070154956335719e-05,0.03903877820284347,1.970368656626166,1.430666993799881,0.9937624365165562,1.8771210716901643,5.836830513605262e-05,0.03929131465777259,1.986823578147573,12.433060009808372,8.725341043965791
HD 103720,free offset,3,1,2461444.074 2461494.952 2461516.839,keplerian,0.0801755714752649,4.555677656012892,4.882821315396486e-05,0.03823607727265054,1.961106237661401,1.612058348503645,1.3458946634872957,1.8771210716901643,5.836830513605262e-05,0.03929131465777259,1.986823578147573,12.374695790419453,8.725341043965791
HD 103720,free offset,3,2,2461481.843 2461521.752 2461586.796,keplerian,0.08259857022169532,4.555686594561236,4.443397317036846e-05,0.03753778388119944,1.957287479237958,1.6067329469362301,1.156411627348584,1.8771210716901643,5.836830513605262e-05,0.03929131465777259,1.986823578147573,12.374475557576574,8.725341043965791
HD 103720,free offset,3,3,2461467.847 2461481.857 2461540.823,keplerian,0.08286831036711009,4.55568561605684,5.7231396101362364e-05,0.03828613158498214,1.9638649842120084,1.8527055158069703,1.8269521109938636,1.8771210716901643,5.836830513605262e-05,0.03929131465777259,1.986823578147573,12.37489155162116,8.725341043965791
HD 103720,free offset,3,4,2461474.918 2461483.790 2461576.747,keplerian,0.08333620928486302,4.555689394464128,5.190410832392006e-05,0.03836658109979375,1.9457046245143153,1.6277070255891433,1.4132673565249012,1.8771210716901643,5.836830513605262e-05,0.03929131465777259,1.986823578147573,12.379510950625866,8.725341043965791
HD 103720,free offset,4,0,2461447.975 2461476.097 2461538.781 2461576.793,keplerian,0.08049662335292791,4.555669829336668,4.942003568461894e-05,0.03759033866973861,1.9380205894427633,1.5385213880345003,1.3236731278669558,1.8771210716901643,5.836830513605262e-05,0.03929131465777259,1.986823578147573,12.399384557379856,8.725341043965791
HD 103720,free offset,4,1,2461446.110 2461453.139 2461488.824 2461533.752,keplerian,0.0835175303492404,4.55567447342401,4.643203401506092e-05,0.03776880754401115,1.9280471802893584,1.514095431442804,1.1575268291170016,1.8771210716901643,5.836830513605262e-05,0.03929131465777259,1.986823578147573,12.389403687432072,8.725341043965791
HD 103720,free offset,4,2,2461471.115 2461553.897 2461569.857 2461581.784,keplerian,0.08300683174549783,4.555700291245367,4.3382321694393826e-05,0.037606660057196935,1.9089196422193953,1.48597763999619,1.1157587185562037,1.8771210716901643,5.836830513605262e-05,0.03929131465777259,1.986823578147573,12.386079833250928,8.725341043965791
HD 103720,free offset,4,3,2461497.806 2461533.804 2461559.800 2461578.808,keplerian,0.08148774194102958,4.555706993048708,4.2285045944212525e-05,0.03759125898599991,1.9504014898964135,1.4390719673249521,1.0346619507477688,1.8771210716901643,5.836830513605262e-05,0.03929131465777259,1.986823578147573,12.41310136576032,8.725341043965791
HD 103720,free offset,4,4,2461451.018 2461481.893 2461520.827 2461568.757,keplerian,0.08315727532196857,4.555670753143757,3.8206050294941815e-05,0.03731804026418391,1.9465947876226826,1.3715295569349335,0.9105947193254894,1.8771210716901643,5.836830513605262e-05,0.03929131465777259,1.986823578147573,12.39916249559669,8.725341043965791
HD 103720,free offset,5,0,2461505.948 2461567.757 2461592.771 2461593.756 2461596.783,keplerian,0.08323327912536156,4.555666488207125,4.7892564946845485e-05,0.03753459567761607,1.8913094230877407,1.5187316066847618,1.276722760325223,1.8771210716901643,5.836830513605262e-05,0.03929131465777259,1.986823578147573,12.413331696267946,8.725341043965791
HD 103720,free offset,5,1,2461444.089 2461483.928 2461491.943 2461554.870 2461559.883,keplerian,0.08237011802857426,4.555676653318883,3.781085505216474e-05,0.03675730664263157,1.9047605227835374,1.3650226278835067,0.8969114930158069,1.8771210716901643,5.836830513605262e-05,0.03929131465777259,1.986823578147573,12.379894290967501,8.725341043965791
HD 103720,free offset,5,2,2461474.995 2461519.775 2461557.805 2461560.804 2461561.845,keplerian,0.08248923219668099,4.555693897635817,5.5275305031805114e-05,0.03725189319143295,1.9191257059763642,1.744935958701307,1.7090694869753735,1.8771210716901643,5.836830513605262e-05,0.03929131465777259,1.986823578147573,12.381166392704746,8.725341043965791
HD 103720,free offset,5,3,2461475.874 2461488.854 2461511.996 2461546.846 2461551.774,keplerian,0.07805699142121929,4.555674993622714,5.388220727531676e-05,0.037031441736074255,1.9157779795605905,1.6952001276186257,1.589452435826522,1.8771210716901643,5.836830513605262e-05,0.03929131465777259,1.986823578147573,12.370968300599845,8.725341043965791
HD 103720,free offset,5,4,2461438.925 2461462.060 2461480.989 2461524.829 2461562.782,keplerian,0.08121409604646228,4.555680668928131,5.12226115408004e-05,0.03701364608454291,1.9082209487475623,1.5895616384346252,1.4308386652176892,1.8771210716901643,5.836830513605262e-05,0.03929131465777259,1.986823578147573,12.376188994768569,8.725341043965791
HD2638,free offset,3,0,2461592.074 2461601.992 2461613.027,circular,0.0,3.4434058192729826,2.9991687248703687e-05,0.011209819900291382,1.4177063106851862,1.6635726644983384,1.4553278170147452,2.4680031499486814,4.420302663629685e-05,0.010575715523600147,1.4475683464019353,5.353652860258856,4.602175633748923
HD2638,free offset,3,1,2461576.100 2461603.048 2461611.028,circular,0.0,3.443458082867777,4.457532021981621e-05,0.018887275719742618,2.436458163807261,2.436883197410027,1.4899437691961352,2.4680031499486814,4.420302663629685e-05,0.010575715523600147,1.4475683464019353,10.040259955515221,4.602175633748923
HD2638,free offset,3,2,2461574.110 2461579.076 2461613.088,circular,0.0,3.443409200506627,2.004630340610374e-05,0.010196524702004503,1.3814299411415916,1.0955805345763774,0.8991218423779068,2.4680031499486814,4.420302663629685e-05,0.010575715523600147,1.4475683464019353,5.355679924797476,4.602175633748923
HD2638,free offset,3,3,2461595.020 2461608.062 2461613.007,circular,0.0,3.443378407280713,2.443502707543462e-05,0.010595715048368393,1.3351469244101206,1.3488660470416276,1.1724273394580522,2.4680031499486814,4.420302663629685e-05,0.010575715523600147,1.4475683464019353,5.3774778848063365,4.602175633748923
HD2638,free offset,3,4,2461579.088 2461592.082 2461597.083,circular,0.0,3.443420843785939,1.4913464422042535e-05,0.00990481574495818,1.377260152417886,0.8005022903075157,0.7053163611407957,2.4680031499486814,4.420302663629685e-05,0.010575715523600147,1.4475683464019353,5.370391054355609,4.602175633748923
HD2638,free offset,4,0,2461596.073 2461603.025 2461614.023 2461616.996,circular,0.0,3.4434312251455577,4.2759936764124965e-05,0.019418121527562397,2.499115975254682,2.3328393942422547,1.2653782520288674,2.4680031499486814,4.420302663629685e-05,0.010575715523600147,1.4475683464019353,10.164510783880525,4.602175633748923
HD2638,free offset,4,1,2461579.086 2461596.006 2461601.091 2461604.049,circular,0.0,3.4434146107341435,4.543781632878895e-05,0.01991012091567618,2.3619225435261284,2.4825321325225236,1.2089457046681757,2.4680031499486814,4.420302663629685e-05,0.010575715523600147,1.4475683464019353,10.25717670435203,4.602175633748923
HD2638,free offset,4,2,2461577.075 2461588.088 2461599.042 2461599.992,circular,0.0,3.443404991453362,1.0630013054229896e-05,0.007685343305131529,1.0325664532080783,0.5642483578471508,0.6236461918111479,2.4680031499486814,4.420302663629685e-05,0.010575715523600147,1.4475683464019353,3.519533780382528,4.602175633748923
HD2638,free offset,4,3,2461569.108 2461583.069 2461606.043 2461615.109,circular,0.0,3.4434067425698585,1.4579233001453894e-05,0.009905596065052036,1.3428880604062792,0.7789751111471718,0.6676712787560141,2.4680031499486814,4.420302663629685e-05,0.010575715523600147,1.4475683464019353,5.3609457131374985,4.602175633748923
HD2638,free offset,4,4,2461572.114 2461587.061 2461591.088 2461594.032,circular,0.0,3.443393952667609,2.0652686201321613e-05,0.010390510672888398,1.3091440723920553,1.1322776748669674,1.0103415379097274,2.4680031499486814,4.420302663629685e-05,0.010575715523600147,1.4475683464019353,5.355148794660151,4.602175633748923
HD2638,free offset,5,0,2461581.113 2461590.068 2461600.063 2461607.095 2461612.068,circular,0.0,3.4434063189392274,7.4030850963818505e-06,0.006816764653247682,1.008485457598388,0.37370339162786637,0.43640219365619737,2.4680031499486814,4.420302663629685e-05,0.010575715523600147,1.4475683464019353,3.5100631629048467,4.602175633748923
HD2638,free offset,5,1,2461576.096 2461597.039 2461600.029 2461601.992 2461609.057,circular,0.0,3.4433968061221183,7.556631118007501e-06,0.007255741997270476,1.070142637001431,0.379265897374266,0.42206903086498004,2.4680031499486814,4.420302663629685e-05,0.010575715523600147,1.4475683464019353,3.4664060188567025,4.602175633748923
HD2638,free offset,5,2,2461573.070 2461589.103 2461597.078 2461602.066 2461609.114,circular,0.0,3.4433863239837144,2.192347713686781e-05,0.017646303936823277,2.445527628728976,1.1320453854301953,0.5041099577815056,2.4680031499486814,4.420302663629685e-05,0.010575715523600147,1.4475683464019353,10.448241068520824,4.602175633748923
HD2638,free offset,5,3,2461570.102 2461573.109 2461587.091 2461594.095 2461604.061,circular,0.0,3.4433947929414814,1.9751973392022036e-05,0.009344291219770338,1.1215028323430514,1.0914913806966233,1.2497428589698654,2.4680031499486814,4.420302663629685e-05,0.010575715523600147,1.4475683464019353,3.4596418071349593,4.602175633748923
HD2638,free offset,5,4,2461575.072 2461588.094 2461603.088 2461611.093 2461617.079,circular,0.0,3.4434101020285297,2.4989181977090268e-05,0.01765432768420757,2.3429321420258926,1.313282469439908,0.5938772156904271,2.4680031499486814,4.420302663629685e-05,0.010575715523600147,1.4475683464019353,10.287698455233722,4.602175633748923
HD 217107,shared zero point,3,0,2461566.077 2461580.084 2461585.070,keplerian,0.13444479608077178,7.126886617741711,1.937442517709468e-05,0.010016152942116606,0.6804715809944291,0.3912730772919202,0.3081318139950195,0.3930159610706908,1.9487702838293663e-05,0.010022946379246033,0.6808645671910583,29.671659766168624,4.272773804938489
HD 217107,free offset,3,0,2461566.077 2461580.084 2461585.070,keplerian,0.13446877438959529,7.126886703840162,1.9366515293864003e-05,0.010009624781849883,0.680041097414131,0.391120222824914,0.31781613807811177,0.3930159610706908,1.9487702838293663e-05,0.010022946379246033,0.6808645671910583,26.129183360817496,4.272773804938489
HD 217107,shared zero point,3,1,2461574.000 2461590.000 2461600.965,keplerian,0.13441827087137098,7.126886532244161,1.9433615249526203e-05,0.01001447762011669,0.6802454205981201,0.3921133705532537,0.35536629789369395,0.3930159610706908,1.9487702838293663e-05,0.010022946379246033,0.6808645671910583,29.667882760484687,4.272773804938489
HD 217107,free offset,3,1,2461574.000 2461590.000 2461600.965,keplerian,0.1344319196427442,7.12688638211195,1.9443733393877007e-05,0.010005008165616188,0.6795893939958393,0.3919256233551288,0.3711519471403433,0.3930159610706908,1.9487702838293663e-05,0.010022946379246033,0.6808645671910583,26.127535706814438,4.272773804938489
HD 217107,shared zero point,3,2,2461557.106 2461585.053 2461604.066,keplerian,0.13443681656918582,7.126886457991332,1.941837148648158e-05,0.010017627400782107,0.6804005751598033,0.39214746610028456,0.3417582288198762,0.3930159610706908,1.9487702838293663e-05,0.010022946379246033,0.6808645671910583,29.670118743540527,4.272773804938489
HD 217107,free offset,3,2,2461557.106 2461585.053 2461604.066,keplerian,0.13446854246455664,7.12688645503927,1.9446381337287766e-05,0.010009260976114653,0.6797996177089858,0.39243264994519966,0.37481807630914776,0.3930159610706908,1.9487702838293663e-05,0.010022946379246033,0.6808645671910583,26.127609472779522,4.272773804938489
HD 217107,shared zero point,3,3,2461551.062 2461570.007 2461594.006,keplerian,0.13443488674494516,7.126886547076178,1.943392114929429e-05,0.010017453537668882,0.6801527927093678,0.3924688855274536,0.35909584155253405,0.3930159610706908,1.9487702838293663e-05,0.010022946379246033,0.6808645671910583,29.668123286444075,4.272773804938489
HD 217107,free offset,3,3,2461551.062 2461570.007 2461594.006,keplerian,0.13445776744875215,7.126886465840745,1.9427528288977992e-05,0.010009511238425667,0.6797506028388312,0.3922179492644302,0.3599301531668555,0.3930159610706908,1.9487702838293663e-05,0.010022946379246033,0.6808645671910583,26.127640936265028,4.272773804938489
HD 217107,shared zero point,3,4,2461542.097 2461576.110 2461615.973,keplerian,0.13441613696123406,7.126886627070478,1.9401754166484968e-05,0.01001494918842535,0.6804919517044226,0.39166068605197246,0.3260295952557897,0.3930159610706908,1.9487702838293663e-05,0.010022946379246033,0.6808645671910583,29.683358433214448,4.272773804938489
HD 217107,free offset,3,4,2461542.097 2461576.110 2461615.973,keplerian,0.13443921952145987,7.126886588742953,1.9383516411926717e-05,0.010006629236760526,0.6799096738797737,0.39117697555125874,0.3260328057251117,0.3930159610706908,1.9487702838293663e-05,0.010022946379246033,0.6808645671910583,26.128750397714047,4.272773804938489
HD 217107,shared zero point,4,0,2461542.112 2461549.104 2461608.085 2461610.907,keplerian,0.13439299783542885,7.126886283982213,1.940734415599422e-05,0.01001560380110058,0.6801746467875586,0.3922292807864656,0.3381570587723829,0.3930159610706908,1.9487702838293663e-05,0.010022946379246033,0.6808645671910583,29.58897730011393,4.272773804938489
HD 217107,free offset,4,0,2461542.112 2461549.104 2461608.085 2461610.907,keplerian,0.13441566270957533,7.126886157811217,1.940617383061737e-05,0.01000237717615667,0.6792396038418133,0.39204675528887883,0.3492883417851048,0.3930159610706908,1.9487702838293663e-05,0.010022946379246033,0.6808645671910583,26.126500859308024,4.272773804938489
HD 217107,shared zero point,4,1,2461548.071 2461566.086 2461567.020 2461570.116,keplerian,0.1344222620506517,7.126886709985323,1.9375250492892535e-05,0.01001298087155944,0.6803940007908541,0.3911585298390321,0.3096711442807841,0.3930159610706908,1.9487702838293663e-05,0.010022946379246033,0.6808645671910583,29.598698034591845,4.272773804938489
HD 217107,free offset,4,1,2461548.071 2461566.086 2461567.020 2461570.116,keplerian,0.13445327442836058,7.126886612043208,1.9356004509153907e-05,0.010002049937309371,0.6796045539427849,0.39064878111220014,0.31221976586364275,0.3930159610706908,1.9487702838293663e-05,0.010022946379246033,0.6808645671910583,26.12898096003756,4.272773804938489
HD 217107,shared zero point,4,2,2461545.096 2461549.120 2461591.103 2461608.122,keplerian,0.1343866485106029,7.126886092436181,1.9382783417989374e-05,0.010013642240646773,0.6802559931866052,0.3914678472039227,0.3203302267371476,0.3930159610706908,1.9487702838293663e-05,0.010022946379246033,0.6808645671910583,29.591411504295156,4.272773804938489
HD 217107,free offset,4,2,2461545.096 2461549.120 2461591.103 2461608.122,keplerian,0.1344044934862076,7.126885849822606,1.9359998244299046e-05,0.009999993761703213,0.6793573323373668,0.3908391526823838,0.3206028216485809,0.3930159610706908,1.9487702838293663e-05,0.010022946379246033,0.6808645671910583,26.124830011733447,4.272773804938489
HD 217107,shared zero point,4,3,2461549.067 2461586.023 2461592.980 2461617.038,keplerian,0.13441677786430936,7.1268864988076235,1.939355989640214e-05,0.010014052221880027,0.680107185858782,0.3915621874672601,0.3270801088827203,0.3930159610706908,1.9487702838293663e-05,0.010022946379246033,0.6808645671910583,29.584812997230237,4.272773804938489
HD 217107,free offset,4,3,2461549.067 2461586.023 2461592.980 2461617.038,keplerian,0.13443679206356995,7.126886277250262,1.9390825269184813e-05,0.010000256986656528,0.6792449263916636,0.39121785503597273,0.3378464753321299,0.3930159610706908,1.9487702838293663e-05,0.010022946379246033,0.6808645671910583,26.1269831790919,4.272773804938489
HD 217107,shared zero point,4,4,2461543.086 2461573.058 2461591.071 2461612.998,keplerian,0.13441655963878363,7.126886504314904,1.938084188036628e-05,0.010014846621929698,0.6802454649136261,0.39142330247408563,0.31515299816712156,0.3930159610706908,1.9487702838293663e-05,0.010022946379246033,0.6808645671910583,29.596497938134352,4.272773804938489
HD 217107,free offset,4,4,2461543.086 2461573.058 2461591.071 2461612.998,keplerian,0.13445035877928427,7.126886496998511,1.9367851702156978e-05,0.010001861612869858,0.6793915124442225,0.3908867783709472,0.3209233577441398,0.3930159610706908,1.9487702838293663e-05,0.010022946379246033,0.6808645671910583,26.128760029258974,4.272773804938489
HD 217107,shared zero point,5,0,2461549.113 2461556.089 2461599.027 2461600.954 2461610.012,keplerian,0.13440212356072773,7.126886694816358,1.9366650065996347e-05,0.010014840354955467,0.6801347412695484,0.3917128574553086,0.3099696834234437,0.3930159610706908,1.9487702838293663e-05,0.010022946379246033,0.6808645671910583,29.50384061397384,4.272773804938489
HD 217107,free offset,5,0,2461549.113 2461556.089 2461599.027 2461600.954 2461610.012,keplerian,0.1344298009986351,7.126886511133637,1.9355400055327807e-05,0.009997191558498372,0.6788930415343141,0.39118149202059227,0.3196883469175905,0.3930159610706908,1.9487702838293663e-05,0.010022946379246033,0.6808645671910583,26.12824269837152,4.272773804938489
HD 217107,shared zero point,5,1,2461566.046 2461569.039 2461582.071 2461600.072 2461615.076,keplerian,0.13443189415439927,7.126886868089231,1.9388580173661857e-05,0.01000972765796765,0.6797978296193383,0.3913694104923048,0.3299023092288665,0.3930159610706908,1.9487702838293663e-05,0.010022946379246033,0.6808645671910583,29.50697560254946,4.272773804938489
HD 217107,free offset,5,1,2461566.046 2461569.039 2461582.071 2461600.072 2461615.076,keplerian,0.1344674859078736,7.126886768730345,1.9369260986651497e-05,0.009991959186642767,0.6785333380245553,0.3906110119151562,0.3313916441280594,0.3930159610706908,1.9487702838293663e-05,0.010022946379246033,0.6808645671910583,26.129950226804358,4.272773804938489
HD 217107,shared zero point,5,2,2461551.111 2461562.045 2461563.052 2461565.041 2461592.066,keplerian,0.1344234191478764,7.126886631666254,1.939691279638494e-05,0.01001195335043882,0.6798480326063472,0.39196811715797847,0.33599349992917743,0.3930159610706908,1.9487702838293663e-05,0.010022946379246033,0.6808645671910583,29.505045611341238,4.272773804938489
HD 217107,free offset,5,2,2461551.111 2461562.045 2461563.052 2461565.041 2461592.066,keplerian,0.13446295308725983,7.126886479105091,1.9398410300531336e-05,0.009994562526569148,0.6786462185221052,0.3917914786017413,0.35254016621853734,0.3930159610706908,1.9487702838293663e-05,0.010022946379246033,0.6808645671910583,26.127910510981973,4.272773804938489
HD 217107,shared zero point,5,3,2461543.111 2461544.101 2461575.076 2461576.056 2461603.946,keplerian,0.13438445743427577,7.126886392470717,1.9419754563052586e-05,0.01001336307261698,0.6797713554312234,0.39208569073325483,0.3597607555416593,0.3930159610706908,1.9487702838293663e-05,0.010022946379246033,0.6808645671910583,29.50304188894487,4.272773804938489
HD 217107,free offset,5,3,2461543.111 2461544.101 2461575.076 2461576.056 2461603.946,keplerian,0.13441859854641422,7.12688617365082,1.940665107120952e-05,0.010000147623657963,0.6784171927328045,0.3916069288677525,0.3598151216007382,0.3930159610706908,1.9487702838293663e-05,0.010022946379246033,0.6808645671910583,26.12622170249085,4.272773804938489
HD 217107,shared zero point,5,4,2461558.084 2461570.048 2461603.039 2461604.981 2461612.994,keplerian,0.13437585452323142,7.126886184261548,1.939883783982664e-05,0.010015006402614962,0.680021583578487,0.39198141168962103,0.3347028929299139,0.3930159610706908,1.9487702838293663e-05,0.010022946379246033,0.6808645671910583,29.515562655919474,4.272773804938489
HD 217107,free offset,5,4,2461558.084 2461570.048 2461603.039 2461604.981 2461612.994,keplerian,0.13439549309346466,7.126886071217661,1.939003766768043e-05,0.00999770179314375,0.6787731680866702,0.3915563879146662,0.3423707870072514,0.3930159610706908,1.9487702838293663e-05,0.010022946379246033,0.6808645671910583,26.126506934640403,4.272773804938489
HD 168746,shared zero point,3,0,2461471.125 2461529.037 2461596.856,keplerian,0.11574309637247963,6.404342353438226,3.471461257575966e-05,0.02260713897850189,0.301658772133408,0.7771698372730556,0.7544466857771523,0.7906335724575733,3.5990104616448004e-05,0.022806580786716723,0.30364717586707285,3.2821423721266374,3.44545678484632
HD 168746,free offset,3,0,2461471.125 2461529.037 2461596.856,keplerian,0.11544482555863689,6.404337346800216,3.5027194686466555e-05,0.022639149507389513,0.3019675372239427,0.7790499957685788,0.7622923332269574,0.7906335724575733,3.5990104616448004e-05,0.022806580786716723,0.30364717586707285,2.730325767395126,3.44545678484632
HD 168746,shared zero point,3,1,2461506.049 2461515.015 2461585.922,keplerian,0.11539771671096025,6.404345254050919,3.54159239734483e-05,0.022644914842823338,0.3022919279171832,0.773139027408686,0.756404130055326,0.7906335724575733,3.5990104616448004e-05,0.022806580786716723,0.30364717586707285,3.4523342518363997,3.44545678484632
HD 168746,free offset,3,1,2461506.049 2461515.015 2461585.922,keplerian,0.11533398394223714,6.404348066367349,3.472055847636755e-05,0.022587925553683413,0.30185680471725185,0.7611859675215205,0.7564851288561885,0.7906335724575733,3.5990104616448004e-05,0.022806580786716723,0.30364717586707285,2.7216772805488936,3.44545678484632
HD 168746,shared zero point,3,2,2461521.963 2461530.035 2461551.036,keplerian,0.11625858861817295,6.404342054054147,3.441382441424951e-05,0.022522360960315086,0.29998158949684867,0.755803941019666,0.7446983464486342,0.7906335724575733,3.5990104616448004e-05,0.022806580786716723,0.30364717586707285,3.208506774705512,3.44545678484632
HD 168746,free offset,3,2,2461521.963 2461530.035 2461551.036,keplerian,0.11638148727374134,6.404339394676142,3.43215145602143e-05,0.02251143371113066,0.2999050176178647,0.7495049881467928,0.7448321761682971,0.7906335724575733,3.5990104616448004e-05,0.022806580786716723,0.30364717586707285,2.735813279615445,3.44545678484632
HD 168746,shared zero point,3,3,2461503.078 2461525.077 2461560.110,keplerian,0.11658242118635496,6.404346078451483,3.4613299169322184e-05,0.022661645158797254,0.3017568981190944,0.7683675023004536,0.7502392447251597,0.7906335724575733,3.5990104616448004e-05,0.022806580786716723,0.30364717586707285,3.244285309130518,3.44545678484632
HD 168746,free offset,3,3,2461503.078 2461525.077 2461560.110,keplerian,0.11651284500701718,6.404342411165753,3.452847449238744e-05,0.022653509731235144,0.30129879354806716,0.7634202923617031,0.7506278030509913,0.7906335724575733,3.5990104616448004e-05,0.022806580786716723,0.30364717586707285,2.7401970660938137,3.44545678484632
HD 168746,shared zero point,3,4,2461469.146 2461573.056 2461601.811,keplerian,0.11539140063383663,6.40434570476219,3.506643545947903e-05,0.022600185511455286,0.301092207282913,0.7735718174804327,0.7623300005851635,0.7906335724575733,3.5990104616448004e-05,0.022806580786716723,0.30364717586707285,3.2530421702221246,3.44545678484632
HD 168746,free offset,3,4,2461469.146 2461573.056 2461601.811,keplerian,0.11539615679726323,6.404344817020224,3.501333470227485e-05,0.022586597991377272,0.30115501219824564,0.7716740155232682,0.765180737808304,0.7906335724575733,3.5990104616448004e-05,0.022806580786716723,0.30364717586707285,2.722617648809887,3.44545678484632
HD 168746,shared zero point,4,0,2461489.060 2461513.095 2461533.941 2461572.987,keplerian,0.11549150351581822,6.404349836266977,3.472210262832768e-05,0.02255721298036016,0.30053746443394097,0.7659625121633957,0.7649373628193423,0.7906335724575733,3.5990104616448004e-05,0.022806580786716723,0.30364717586707285,3.1087543868532173,3.44545678484632
HD 168746,free offset,4,0,2461489.060 2461513.095 2461533.941 2461572.987,keplerian,0.11543451890655834,6.404349361319532,3.48590280245977e-05,0.022508104637085122,0.30133837288822785,0.7642562859788011,0.7649702766603736,0.7906335724575733,3.5990104616448004e-05,0.022806580786716723,0.30364717586707285,2.722041893051216,3.44545678484632
HD 168746,shared zero point,4,1,2461500.082 2461519.982 2461537.061 2461611.884,keplerian,0.11612082372442335,6.404338127967901,3.481695459072531e-05,0.022389307374277367,0.29903120351423595,0.7645073397985491,0.7481689024844913,0.7906335724575733,3.5990104616448004e-05,0.022806580786716723,0.30364717586707285,3.2864635645577573,3.44545678484632
HD 168746,free offset,4,1,2461500.082 2461519.982 2461537.061 2461611.884,keplerian,0.11572188916664886,6.4043366019818855,3.461803374073989e-05,0.02234263386540972,0.29866371080904347,0.7603085075301619,0.7530362494948046,0.7906335724575733,3.5990104616448004e-05,0.022806580786716723,0.30364717586707285,2.7311077333361498,3.44545678484632
HD 168746,shared zero point,4,2,2461478.114 2461506.076 2461561.093 2461610.902,keplerian,0.11382921137240189,6.404347493318133,3.4246788856262834e-05,0.022636386511513527,0.3030775868816188,0.7635870451650348,0.7309125938422295,0.7906335724575733,3.5990104616448004e-05,0.022806580786716723,0.30364717586707285,3.3432371939747694,3.44545678484632
HD 168746,free offset,4,2,2461478.114 2461506.076 2461561.093 2461610.902,keplerian,0.11331476063310712,6.404348437068064,3.411218518554767e-05,0.022782499269174455,0.30479237499687784,0.7591925100616788,0.7349974102668353,0.7906335724575733,3.5990104616448004e-05,0.022806580786716723,0.30364717586707285,2.6996269166605344,3.44545678484632
HD 168746,shared zero point,4,3,2461521.130 2461528.093 2461531.039 2461551.006,keplerian,0.11537724268354294,6.404339970782638,3.57276312002304e-05,0.02266620777723148,0.30195959434553465,0.7754737460302974,0.7516104276088822,0.7906335724575733,3.5990104616448004e-05,0.022806580786716723,0.30364717586707285,3.60827962517066,3.44545678484632
HD 168746,free offset,4,3,2461521.130 2461528.093 2461531.039 2461551.006,keplerian,0.1151065391427634,6.4043375969855685,3.545393157485996e-05,0.022853440959830374,0.30454670533729705,0.7730286081247586,0.7563383734149449,0.7906335724575733,3.5990104616448004e-05,0.022806580786716723,0.30364717586707285,2.727610107586095,3.44545678484632
HD 168746,shared zero point,4,4,2461469.139 2461557.097 2461559.026 2461604.917,keplerian,0.11568230613932302,6.4043393783270055,3.506245433805827e-05,0.022481381851305042,0.30023790790295574,0.7684668369900088,0.7588407685950928,0.7906335724575733,3.5990104616448004e-05,0.022806580786716723,0.30364717586707285,3.2499045929144295,3.44545678484632
HD 168746,free offset,4,4,2461469.139 2461557.097 2461559.026 2461604.917,keplerian,0.1159760273199386,6.404338144790155,3.509596591678001e-05,0.022445353937203507,0.3003926682739604,0.7658067460737439,0.7654971952279725,0.7906335724575733,3.5990104616448004e-05,0.022806580786716723,0.30364717586707285,2.7366288278780035,3.44545678484632
HD 168746,shared zero point,5,0,2461478.125 2461479.085 2461534.093 2461573.994 2461584.972,keplerian,0.11675557504760271,6.404351420422133,3.511387374498857e-05,0.022706217679524285,0.30190328190350657,0.7783804520938594,0.7500906341614967,0.7906335724575733,3.5990104616448004e-05,0.022806580786716723,0.30364717586707285,3.5095511438523403,3.44545678484632
HD 168746,free offset,5,0,2461478.125 2461479.085 2461534.093 2461573.994 2461584.972,keplerian,0.1166931758055746,6.404348156022989,3.593697091319865e-05,0.022915004612943907,0.3037969684621054,0.7988388239517784,0.7764497328854273,0.7906335724575733,3.5990104616448004e-05,0.022806580786716723,0.30364717586707285,2.729579520737704,3.44545678484632
HD 168746,shared zero point,5,1,2461522.056 2461542.973 2461565.998 2461582.960 2461584.901,keplerian,0.11523614919099082,6.4043648940027476,3.455157377930641e-05,0.022596054050411096,0.30130768477306463,0.7604779349529716,0.7481230443577706,0.7906335724575733,3.5990104616448004e-05,0.022806580786716723,0.30364717586707285,3.2327525697572335,3.44545678484632
HD 168746,free offset,5,1,2461522.056 2461542.973 2461565.998 2461582.960 2461584.901,keplerian,0.11522271892555372,6.4043616516241615,3.431034494059326e-05,0.022444967438464775,0.29919269303504537,0.752189223340406,0.7486044392208995,0.7906335724575733,3.5990104616448004e-05,0.022806580786716723,0.30364717586707285,2.710749338680956,3.44545678484632
HD 168746,shared zero point,5,2,2461493.133 2461517.126 2461521.110 2461533.984 2461547.107,keplerian,0.11447409232408733,6.404365176118533,3.4856065300434215e-05,0.022699275809745293,0.3022938575911989,0.7648381714788135,0.7471345413598182,0.7906335724575733,3.5990104616448004e-05,0.022806580786716723,0.30364717586707285,3.3340332459893043,3.44545678484632
HD 168746,free offset,5,2,2461493.133 2461517.126 2461521.110 2461533.984 2461547.107,keplerian,0.11401320123815323,6.404370543969974,3.4692659334162374e-05,0.022812015057549977,0.3038925821020829,0.7618217813226664,0.7476096506192189,0.7906335724575733,3.5990104616448004e-05,0.022806580786716723,0.30364717586707285,2.6896023562607163,3.44545678484632
HD 168746,shared zero point,5,3,2461474.132 2461517.039 2461525.041 2461592.967 2461614.811,keplerian,0.11499948608793895,6.4043383768126185,3.3010747306460357e-05,0.022309707289556023,0.2992086152597061,0.7306456452659226,0.6991494913156143,0.7906335724575733,3.5990104616448004e-05,0.022806580786716723,0.30364717586707285,3.118348427247012,3.44545678484632
HD 168746,free offset,5,3,2461474.132 2461517.039 2461525.041 2461592.967 2461614.811,keplerian,0.11470090107964487,6.40432814068307,3.2664333182395333e-05,0.022371900565387313,0.2983164469314233,0.7266029079093176,0.7061298772244518,0.7906335724575733,3.5990104616448004e-05,0.022806580786716723,0.30364717586707285,2.7181886217163997,3.44545678484632
HD 168746,shared zero point,5,4,2461470.115 2461508.023 2461549.966 2461553.006 2461609.843,keplerian,0.11492307266067792,6.404353721599447,3.56608951658524e-05,0.02265158116290457,0.301147930451773,0.7839232551614574,0.7831424297771448,0.7906335724575733,3.5990104616448004e-05,0.022806580786716723,0.30364717586707285,3.323202119282079,3.44545678484632
HD 168746,free offset,5,4,2461470.115 2461508.023 2461549.966 2461553.006 2461609.843,keplerian,0.11590418283431483,6.404355199216852,3.566923526375015e-05,0.022878455158968875,0.30181140560736264,0.7883519873324896,0.7834978947095831,0.7906335724575733,3.5990104616448004e-05,0.022806580786716723,0.30364717586707285,2.7068941565574116,3.44545678484632
HD 187123,shared zero point,3,0,2461484.101 2461509.112 2461535.993,circular,0.0,3.096596492612507,9.265821520483912e-06,0.008789277228523035,1.1655663300709445,0.4642055227049705,0.2669863747390754,0.4758075075056175,9.46793728797448e-06,0.008861778343309019,1.17121721069508,17.71326823779286,2.2152360622072855
HD 187123,free offset,3,0,2461484.101 2461509.112 2461535.993,circular,0.0,3.0965967395583767,9.269013088375473e-06,0.008795531704482763,1.1674622340397045,0.4635355207929387,0.2909029813114433,0.4758075075056175,9.46793728797448e-06,0.008861778343309019,1.17121721069508,15.245952743098886,2.2152360622072855
HD 187123,shared zero point,3,1,2461491.110 2461534.949 2461592.886,circular,0.0,3.0965963345387926,9.30288619446765e-06,0.008798994496529143,1.1627894965996637,0.4665645671642571,0.2967294639979951,0.4758075075056175,9.46793728797448e-06,0.008861778343309019,1.17121721069508,17.71234139431925,2.2152360622072855
HD 187123,free offset,3,1,2461491.110 2461534.949 2461592.886,circular,0.0,3.0965962933012894,9.326404665275767e-06,0.00881269273740951,1.167003155191761,0.46717386946804007,0.3297777896569981,0.4758075075056175,9.46793728797448e-06,0.008861778343309019,1.17121721069508,15.24549489877795,2.2152360622072855
HD 187123,shared zero point,3,2,2461538.023 2461563.941 2461598.017,circular,0.0,3.09659661704131,9.375526570586077e-06,0.008826751250380484,1.161748164128893,0.47150037556014085,0.37914584543081914,0.4758075075056175,9.46793728797448e-06,0.008861778343309019,1.17121721069508,17.71633224303454,2.2152360622072855
HD 187123,free offset,3,2,2461538.023 2461563.941 2461598.017,circular,0.0,3.0965966690286604,9.447376056838592e-06,0.008846879571627029,1.160738984477708,0.47475377896415194,0.47292900187981163,0.4758075075056175,9.46793728797448e-06,0.008861778343309019,1.17121721069508,15.246089143436489,2.2152360622072855
HD 187123,shared zero point,3,3,2461475.121 2461483.128 2461562.977,circular,0.0,3.096596512084425,9.23465874085968e-06,0.008786647193643027,1.1654482509228345,0.46244724423469685,0.2572448574923803,0.4758075075056175,9.46793728797448e-06,0.008861778343309019,1.17121721069508,17.715882714588314,2.2152360622072855
HD 187123,free offset,3,3,2461475.121 2461483.128 2461562.977,circular,0.0,3.0965965586447375,9.20403042029942e-06,0.00878112541057885,1.165678453813319,0.4593283686719058,0.26084109358060814,0.4758075075056175,9.46793728797448e-06,0.008861778343309019,1.17121721069508,15.245886110417148,2.2152360622072855
HD 187123,shared zero point,3,4,2461512.011 2461531.983 2461560.042,circular,0.0,3.0965966192717667,9.265184026478477e-06,0.008793684903075418,1.1642658867815672,0.46454839072665804,0.2750366793952976,0.4758075075056175,9.46793728797448e-06,0.008861778343309019,1.17121721069508,17.711229654944038,2.2152360622072855
HD 187123,free offset,3,4,2461512.011 2461531.983 2461560.042,circular,0.0,3.0965967019741534,9.250307046468227e-06,0.008791208565905083,1.1648711470151296,0.46242341003566684,0.28074825204814435,0.4758075075056175,9.46793728797448e-06,0.008861778343309019,1.17121721069508,15.245863939190244,2.2152360622072855
HD 187123,shared zero point,4,0,2461480.140 2461524.012 2461535.096 2461553.033,circular,0.0,3.096596767972795,9.285943491779619e-06,0.008792115666405084,1.1597083506754962,0.4662533839754153,0.2966719858883921,0.4758075075056175,9.46793728797448e-06,0.008861778343309019,1.17121721069508,17.65490902300298,2.2152360622072855
HD 187123,free offset,4,0,2461480.140 2461524.012 2461535.096 2461553.033,circular,0.0,3.0965968802975694,9.280440421517724e-06,0.008790795419706603,1.1578739844125945,0.4644493670097227,0.30366447887551445,0.4758075075056175,9.46793728797448e-06,0.008861778343309019,1.17121721069508,15.246061772745342,2.2152360622072855
HD 187123,shared zero point,4,1,2461481.139 2461523.054 2461534.000 2461614.824,circular,0.0,3.0965963896224813,9.127027194441592e-06,0.008744124862407308,1.164526996079354,0.45582805481018174,0.22665372165671502,0.4758075075056175,9.46793728797448e-06,0.008861778343309019,1.17121721069508,17.647056068707155,2.2152360622072855
HD 187123,free offset,4,1,2461481.139 2461523.054 2461534.000 2461614.824,circular,0.0,3.096596433347517,9.1222847705492e-06,0.008748323557891322,1.164859652729788,0.45439965127595605,0.2394537917458592,0.4758075075056175,9.46793728797448e-06,0.008861778343309019,1.17121721069508,15.245549314466839,2.2152360622072855
HD 187123,shared zero point,4,2,2461536.970 2461557.080 2461563.864 2461589.887,circular,0.0,3.096596279133028,9.136116768946526e-06,0.008749895517267587,1.1642423248146008,0.4566287314352241,0.2188674536586502,0.4758075075056175,9.46793728797448e-06,0.008861778343309019,1.17121721069508,17.65000266462755,2.2152360622072855
HD 187123,free offset,4,2,2461536.970 2461557.080 2461563.864 2461589.887,circular,0.0,3.096596315858518,9.070204170661919e-06,0.008734350067745936,1.163892669094984,0.45113722183145366,0.21997425964310718,0.4758075075056175,9.46793728797448e-06,0.008861778343309019,1.17121721069508,15.245313440255483,2.2152360622072855
HD 187123,shared zero point,4,3,2461475.138 2461566.072 2461567.094 2461596.925,circular,0.0,3.096596462522354,9.250299389754588e-06,0.008780884574964372,1.1603730365643596,0.4640197029832236,0.2719037822598489,0.4758075075056175,9.46793728797448e-06,0.008861778343309019,1.17121721069508,17.650302509645538,2.2152360622072855
HD 187123,free offset,4,3,2461475.138 2461566.072 2461567.094 2461596.925,circular,0.0,3.096596530835135,9.228162107679499e-06,0.00877461050392968,1.1595949275095152,0.46116638492117956,0.2749908304098693,0.4758075075056175,9.46793728797448e-06,0.008861778343309019,1.17121721069508,15.24549573432814,2.2152360622072855
HD 187123,shared zero point,4,4,2461491.120 2461512.096 2461595.866 2461608.049,circular,0.0,3.0965962850781326,9.180622568937602e-06,0.008754323247775262,1.1635043260613898,0.45899494892557086,0.2288120065256527,0.4758075075056175,9.46793728797448e-06,0.008861778343309019,1.17121721069508,17.649732053042065,2.2152360622072855
HD 187123,free offset,4,4,2461491.120 2461512.096 2461595.866 2461608.049,circular,0.0,3.096596664057985,9.41677762045078e-06,0.00882872744246775,1.1629075227271155,0.47307863008642814,0.4489508093288425,0.4758075075056175,9.46793728797448e-06,0.008861778343309019,1.17121721069508,15.245841786488882,2.2152360622072855
HD 187123,shared zero point,5,0,2461491.097 2461512.052 2461553.921 2461574.951 2461588.053,circular,0.0,3.096596215489064,9.141408909693774e-06,0.008748792156224873,1.159235134652785,0.4574483918796049,0.22737358318285594,0.4758075075056175,9.46793728797448e-06,0.008861778343309019,1.17121721069508,17.592650943493517,2.2152360622072855
HD 187123,free offset,5,0,2461491.097 2461512.052 2461553.921 2461574.951 2461588.053,circular,0.0,3.09659629308428,9.086344595069965e-06,0.00873214653270823,1.1608996981487028,0.45227630642506667,0.22873672584807478,0.4758075075056175,9.46793728797448e-06,0.008861778343309019,1.17121721069508,15.245371444430996,2.2152360622072855
HD 187123,shared zero point,5,1,2461482.135 2461509.108 2461513.998 2461566.060 2461602.046,circular,0.0,3.096596056036869,9.121162562967786e-06,0.008744667795248101,1.1602939162640156,0.455982047684535,0.2190024389020415,0.4758075075056175,9.46793728797448e-06,0.008861778343309019,1.17121721069508,17.591938392323726,2.2152360622072855
HD 187123,free offset,5,1,2461482.135 2461509.108 2461513.998 2461566.060 2461602.046,circular,0.0,3.0965960393016685,9.057398293058782e-06,0.008729164254801657,1.1604897112986046,0.45033037996559905,0.2196036855624451,0.4758075075056175,9.46793728797448e-06,0.008861778343309019,1.17121721069508,15.245524288776425,2.2152360622072855
HD 187123,shared zero point,5,2,2461484.123 2461494.086 2461513.113 2461593.850 2461596.843,circular,0.0,3.096596604139114,9.26305301391088e-06,0.008776938064342703,1.1552626912478146,0.46508127689557643,0.281913228103044,0.4758075075056175,9.46793728797448e-06,0.008861778343309019,1.17121721069508,17.587399971854705,2.2152360622072855
HD 187123,free offset,5,2,2461484.123 2461494.086 2461513.113 2461593.850 2461596.843,circular,0.0,3.0965967430036487,9.247993981826294e-06,0.008774939689863228,1.1592979646709125,0.4626042270246091,0.2875893754188301,0.4758075075056175,9.46793728797448e-06,0.008861778343309019,1.17121721069508,15.245864144327395,2.2152360622072855
HD 187123,shared zero point,5,3,2461518.115 2461579.019 2461600.856 2461606.001 2461613.039,circular,0.0,3.0965968348575,9.113460146552853e-06,0.008744936475452691,1.160561097760198,0.4560796545403789,0.22237278717577252,0.4758075075056175,9.46793728797448e-06,0.008861778343309019,1.17121721069508,17.592848194316737,2.2152360622072855
HD 187123,free offset,5,3,2461518.115 2461579.019 2461600.856 2461606.001 2461613.039,circular,0.0,3.0965972439965324,9.155851268225818e-06,0.008749441460206668,1.1591267816328528,0.4568353784318086,0.251713887060915,0.4758075075056175,9.46793728797448e-06,0.008861778343309019,1.17121721069508,15.246514755748032,2.2152360622072855
HD 187123,shared zero point,5,4,2461558.920 2461567.025 2461602.088 2461611.875 2461612.871,circular,0.0,3.096596233108001,9.098157103724402e-06,0.00873162178260918,1.1610360790796266,0.4545675772048271,0.21735249185479283,0.4758075075056175,9.46793728797448e-06,0.008861778343309019,1.17121721069508,17.592405411598627,2.2152360622072855
HD 187123,free offset,5,4,2461558.920 2461567.025 2461602.088 2461611.875 2461612.871,circular,0.0,3.0965961699604154,9.044513684902186e-06,0.008718574271045146,1.1602444703139725,0.4497127956681616,0.23254827877147105,0.4758075075056175,9.46793728797448e-06,0.008861778343309019,1.17121721069508,15.245081731055793,2.2152360622072855
HD 68988,shared zero point,3,0,2461449.710 2461459.953 2461548.763,keplerian,0.18853594488160785,6.276434053911431,5.3512490288432275e-05,0.037836482721145266,10.757102962932857,1.0439903918753628,0.6612443484348342,1.0589845847964214,5.462500661918558e-05,0.038387687647526855,10.997964283133479,68.1885783760903,11.117391195091862
HD 68988,free offset,3,0,2461449.710 2461459.953 2461548.763,keplerian,0.18419666660485348,6.276431858933831,5.420645965732699e-05,0.03818189276367937,10.82922333890526,1.0516942741092385,0.7651008993027498,1.0589845847964214,5.462500661918558e-05,0.038387687647526855,10.997964283133479,59.07929282486178,11.117391195091862
HD 68988,shared zero point,3,1,2461443.726 2461508.785 2461519.781,keplerian,0.19099387718289101,6.276432807789301,5.343318787123202e-05,0.03714794089100476,10.697841587065156,1.0290562609057563,0.8175535035532565,1.0589845847964214,5.462500661918558e-05,0.038387687647526855,10.997964283133479,68.07567833676875,11.117391195091862
HD 68988,free offset,3,1,2461443.726 2461508.785 2461519.781,keplerian,0.18779721905247304,6.276431756133508,5.4052280868265105e-05,0.03716195138720447,10.71351251109229,1.0283955798356754,1.0459029503979969,1.0589845847964214,5.462500661918558e-05,0.038387687647526855,10.997964283133479,58.977733684410126,11.117391195091862
HD 68988,shared zero point,3,2,2461473.926 2461510.806 2461521.756,keplerian,0.19062801477308874,6.276433491948868,5.3449925636309764e-05,0.036834031062793864,10.454394356891266,1.0222644073327882,0.8207976362784284,1.0589845847964214,5.462500661918558e-05,0.038387687647526855,10.997964283133479,68.02850240900739,11.117391195091862
HD 68988,free offset,3,2,2461473.926 2461510.806 2461521.756,keplerian,0.18701293027096755,6.276431735952757,5.4038106108139887e-05,0.03682714383369442,10.397898425266328,1.019353808932947,0.8890702105902575,1.0589845847964214,5.462500661918558e-05,0.038387687647526855,10.997964283133479,58.995595610713664,11.117391195091862
HD 68988,shared zero point,3,3,2461480.731 2461486.938 2461510.745,keplerian,0.1921326677590428,6.27643326471426,5.3348792211390724e-05,0.037608012630268736,10.75219049512421,1.039967561138722,0.8067041526870659,1.0589845847964214,5.462500661918558e-05,0.038387687647526855,10.997964283133479,67.98767894916527,11.117391195091862
HD 68988,free offset,3,3,2461480.731 2461486.938 2461510.745,keplerian,0.18863929965648185,6.276431334960968,5.3926500038256154e-05,0.037926448320372785,10.887529199493903,1.0459966115250876,0.8443048728213756,1.0589845847964214,5.462500661918558e-05,0.038387687647526855,10.997964283133479,58.95227817269915,11.117391195091862
HD 68988,shared zero point,3,4,2461467.997 2461487.765 2461512.825,keplerian,0.19102487473952312,6.276433331546034,5.347485612411617e-05,0.0376122132095789,10.77214523709417,1.0418003824490478,0.9459016849139811,1.0589845847964214,5.462500661918558e-05,0.038387687647526855,10.997964283133479,68.01972874038057,11.117391195091862
HD 68988,free offset,3,4,2461467.997 2461487.765 2461512.825,keplerian,0.1873904063189339,6.276431607381469,5.408168253670004e-05,0.03799691828290018,10.889352725934708,1.0482834117071993,1.0200855419731183,1.0589845847964214,5.462500661918558e-05,0.038387687647526855,10.997964283133479,58.98535528830904,11.117391195091862
HD 68988,shared zero point,4,0,2461470.926 2461522.819 2461535.798 2461547.746,keplerian,0.18663464498097868,6.276431351803648,5.302381004917095e-05,0.03745740103455723,10.66859326670822,1.0291572350215488,0.4945343930410501,1.0589845847964214,5.462500661918558e-05,0.038387687647526855,10.997964283133479,67.76040288729043,11.117391195091862
HD 68988,free offset,4,0,2461470.926 2461522.819 2461535.798 2461547.746,keplerian,0.1802422799389435,6.276427715865393,5.3959525516726214e-05,0.037682224517501174,10.713722943443615,1.0302305428251537,0.6036723911377603,1.0589845847964214,5.462500661918558e-05,0.038387687647526855,10.997964283133479,59.17715578533104,11.117391195091862
HD 68988,shared zero point,4,1,2461462.839 2461486.792 2461492.752 2461519.816,keplerian,0.19422582222874019,6.276433709236775,5.2994033628958946e-05,0.03729988435785318,10.697610820963199,1.035293049981456,0.8642330646088575,1.0589845847964214,5.462500661918558e-05,0.038387687647526855,10.997964283133479,67.54005147328189,11.117391195091862
HD 68988,free offset,4,1,2461462.839 2461486.792 2461492.752 2461519.816,keplerian,0.19128878581891712,6.276432212267474,5.3591738173294736e-05,0.03766217027179734,10.84586475517937,1.0414413988207225,0.9123419445891789,1.0589845847964214,5.462500661918558e-05,0.038387687647526855,10.997964283133479,58.884276420563396,11.117391195091862
HD 68988,shared zero point,4,2,2461442.781 2461459.008 2461466.737 2461507.757,keplerian,0.19136923224402952,6.276433325062463,5.304845239695039e-05,0.03660953902917158,10.398945927610743,1.0168801729451524,0.7079882422494101,1.0589845847964214,5.462500661918558e-05,0.038387687647526855,10.997964283133479,67.54182712486806,11.117391195091862
HD 68988,free offset,4,2,2461442.781 2461459.008 2461466.737 2461507.757,keplerian,0.18645334938172226,6.276430964616435,5.3707498344486865e-05,0.036538860949180074,10.337259635957164,1.012557428078868,0.7097835836068395,1.0589845847964214,5.462500661918558e-05,0.038387687647526855,10.997964283133479,59.0071049834581,11.117391195091862
HD 68988,shared zero point,4,3,2461467.725 2461483.858 2461515.810 2461517.822,keplerian,0.18634334565065108,6.276431553744393,5.357091187310684e-05,0.03666463595162582,10.229679258253832,1.0193287111641642,0.9023011879624109,1.0589845847964214,5.462500661918558e-05,0.038387687647526855,10.997964283133479,67.76101507395015,11.117391195091862
HD 68988,free offset,4,3,2461467.725 2461483.858 2461515.810 2461517.822,keplerian,0.17983089149478224,6.276429023083921,5.442516125328043e-05,0.03716623502402229,10.235612078752835,1.0273733694366864,0.9127557999806999,1.0589845847964214,5.462500661918558e-05,0.038387687647526855,10.997964283133479,59.17690338859218,11.117391195091862
HD 68988,shared zero point,4,4,2461440.898 2461480.946 2461495.895 2461528.811,keplerian,0.18905993572056884,6.2764315041814225,5.2949227799720646e-05,0.03744206713462677,10.595101446806911,1.0351359102672755,0.5687579412846298,1.0589845847964214,5.462500661918558e-05,0.038387687647526855,10.997964283133479,67.73946001218714,11.117391195091862
HD 68988,free offset,4,4,2461440.898 2461480.946 2461495.895 2461528.811,keplerian,0.1795056707040958,6.276426756478591,5.396163464458634e-05,0.03798458448909754,10.70395104315891,1.0423641250298175,0.5978994634000907,1.0589845847964214,5.462500661918558e-05,0.038387687647526855,10.997964283133479,59.203954864117435,11.117391195091862
HD 68988,shared zero point,5,0,2461459.026 2461495.927 2461501.726 2461511.775 2461541.772,keplerian,0.19595089959783518,6.276435227760118,5.2298922573645456e-05,0.03618262321928882,10.36706057340041,1.0050380889676926,0.605186621472915,1.0589845847964214,5.462500661918558e-05,0.038387687647526855,10.997964283133479,66.89396302710342,11.117391195091862
HD 68988,free offset,5,0,2461459.026 2461495.927 2461501.726 2461511.775 2461541.772,keplerian,0.19061657989713945,6.276433018126498,5.2935636792608634e-05,0.03620753049009355,10.35286417125829,1.001695591247333,0.6063335183274331,1.0589845847964214,5.462500661918558e-05,0.038387687647526855,10.997964283133479,58.91423938077134,11.117391195091862
HD 68988,shared zero point,5,1,2461440.825 2461451.943 2461509.788 2461526.752 2461527.789,keplerian,0.1943246214591645,6.276435318258472,5.237374762942149e-05,0.03639445405837059,10.197876690624225,1.0139251585137337,0.5658268983115461,1.0589845847964214,5.462500661918558e-05,0.038387687647526855,10.997964283133479,66.89791834844915,11.117391195091862
HD 68988,free offset,5,1,2461440.825 2461451.943 2461509.788 2461526.752 2461527.789,keplerian,0.19094675262549202,6.276433759867644,5.281004735799338e-05,0.03690866994744297,10.49650087581463,1.0216871536116596,0.565830533517111,1.0589845847964214,5.462500661918558e-05,0.038387687647526855,10.997964283133479,58.9080515245211,11.117391195091862
HD 68988,shared zero point,5,2,2461467.744 2461487.737 2461496.796 2461526.781 2461534.749,keplerian,0.19936312951709995,6.276436027621121,5.218062163646445e-05,0.03581538796415339,10.091619517764135,1.0055138960485959,0.7569551622758268,1.0589845847964214,5.462500661918558e-05,0.038387687647526855,10.997964283133479,66.89276961290012,11.117391195091862
HD 68988,free offset,5,2,2461467.744 2461487.737 2461496.796 2461526.781 2461534.749,keplerian,0.19600281500701208,6.276434995083659,5.274722994796806e-05,0.03582258473394734,10.083344470514234,1.0045676788833362,0.7588224264507205,1.0589845847964214,5.462500661918558e-05,0.038387687647526855,10.997964283133479,58.815227712896444,11.117391195091862
HD 68988,shared zero point,5,3,2461442.745 2461475.737 2461502.849 2461515.775 2461526.787,keplerian,0.19371516857464427,6.276434446096208,5.2698244654590324e-05,0.03593765226881178,10.0886854307828,1.0058745160274105,0.7714312774284198,1.0589845847964214,5.462500661918558e-05,0.038387687647526855,10.997964283133479,66.93667203383018,11.117391195091862
HD 68988,free offset,5,3,2461442.745 2461475.737 2461502.849 2461515.775 2461526.787,keplerian,0.1893042724384275,6.2764331507687485,5.341555861849218e-05,0.03603952094521653,10.065631763617697,1.0080361987189013,0.8142471654072946,1.0589845847964214,5.462500661918558e-05,0.038387687647526855,10.997964283133479,58.93643927965505,11.117391195091862
HD 68988,shared zero point,5,4,2461487.885 2461488.934 2461499.759 2461529.758 2461541.780,keplerian,0.19069010909479345,6.276432822395836,5.270315084448432e-05,0.03724458131946556,10.617785138233128,1.029120131224102,0.5889811398386688,1.0589845847964214,5.462500661918558e-05,0.038387687647526855,10.997964283133479,67.07214602551292,11.117391195091862
HD 68988,free offset,5,4,2461487.885 2461488.934 2461499.759 2461529.758 2461541.780,keplerian,0.18383932650650686,6.276429677456929,5.351137068196414e-05,0.03779523216318353,10.773226126708101,1.038429257331968,0.5940783117411959,1.0589845847964214,5.462500661918558e-05,0.038387687647526855,10.997964283133479,59.0767890422174,11.117391195091862
HIP14810,shared zero point,3,0,2461455.786 2461466.796 2461473.773,keplerian,0.14254700386324892,6.673834624218723,4.266256269492314e-05,0.021182852201513006,4.4852076697425005,1.1185682591816133,0.5421408849675342,1.2877398327543728,4.9612352314743316e-05,0.02165598056258691,4.617166018107614,32.43414064774349,10.631830124671103
HIP14810,free offset,3,0,2461455.786 2461466.796 2461473.773,keplerian,0.1426086603712384,6.673835338714459,4.6266746246507805e-05,0.021357657746340037,4.539477444059113,1.194005039049272,0.6773965591970297,1.2877398327543728,4.9612352314743316e-05,0.02165598056258691,4.617166018107614,38.981834935396385,10.631830124671103
HIP14810,shared zero point,3,1,2461458.806 2461473.721 2461606.116,keplerian,0.1420066792915149,6.6738242184089325,4.456546408733243e-05,0.02136567671431361,4.508328670501839,1.169986653981423,0.6825992120036893,1.2877398327543728,4.9612352314743316e-05,0.02165598056258691,4.617166018107614,32.44847653161227,10.631830124671103
HIP14810,free offset,3,1,2461458.806 2461473.721 2461606.116,keplerian,0.142731194875721,6.673833411271423,4.7449377038225035e-05,0.021543833263500137,4.579584409583846,1.2444880232166802,0.8374629526758198,1.2877398327543728,4.9612352314743316e-05,0.02165598056258691,4.617166018107614,38.99803289952078,10.631830124671103
HIP14810,shared zero point,3,2,2461480.736 2461603.082 2461609.071,keplerian,0.14332870067186204,6.673843163146929,3.9793404836471885e-05,0.021055434223076444,4.472029930626423,1.047713389982032,0.45799132810448495,1.2877398327543728,4.9612352314743316e-05,0.02165598056258691,4.617166018107614,32.376950044774105,10.631830124671103
HIP14810,free offset,3,2,2461480.736 2461603.082 2461609.071,keplerian,0.14315584643324042,6.6738425632522205,4.711779504671427e-05,0.021256242409800317,4.520782043935392,1.2109713159069002,0.8004819109775837,1.2877398327543728,4.9612352314743316e-05,0.02165598056258691,4.617166018107614,39.00099576899228,10.631830124671103
HIP14810,shared zero point,3,3,2461456.733 2461600.081 2461604.093,keplerian,0.14299509369114385,6.673841048531982,4.3901580233293547e-05,0.021068374168666956,4.479729871514911,1.1391719389966175,0.6221349706207283,1.2877398327543728,4.9612352314743316e-05,0.02165598056258691,4.617166018107614,32.410325460226616,10.631830124671103
HIP14810,free offset,3,3,2461456.733 2461600.081 2461604.093,keplerian,0.14284345536714116,6.6738394866455115,4.790481608674288e-05,0.021501753551419086,4.527071911743082,1.2541508112937727,0.8837481177789652,1.2877398327543728,4.9612352314743316e-05,0.02165598056258691,4.617166018107614,39.01049746661786,10.631830124671103
HIP14810,shared zero point,3,4,2461447.849 2461452.804 2461454.764,keplerian,0.14287777108425365,6.6738402594718815,4.085058164854557e-05,0.021130079936191263,4.514222616535872,1.0573640816803365,0.4915645086755658,1.2877398327543728,4.9612352314743316e-05,0.02165598056258691,4.617166018107614,32.417507191146036,10.631830124671103
HIP14810,free offset,3,4,2461447.849 2461452.804 2461454.764,keplerian,0.1427377948218507,6.673837545805019,4.4713482743765925e-05,0.021328277796176968,4.5814166639134815,1.1548479290550635,0.5936328293121466,1.2877398327543728,4.9612352314743316e-05,0.02165598056258691,4.617166018107614,38.98853146695017,10.631830124671103
HIP14810,shared zero point,4,0,2461437.846 2461445.720 2461467.777 2461468.724,keplerian,0.14211660721795868,6.673825206471707,3.529407231531714e-05,0.02093175847973444,4.502569370269097,0.941013921385064,0.3536581165257013,1.2877398327543728,4.9612352314743316e-05,0.02165598056258691,4.617166018107614,32.27531048125733,10.631830124671103
HIP14810,free offset,4,0,2461437.846 2461445.720 2461467.777 2461468.724,keplerian,0.14233887930981445,6.673827771543819,3.820692024405507e-05,0.02122725524209355,4.544742940185674,1.0146809066420042,0.35565641179495106,1.2877398327543728,4.9612352314743316e-05,0.02165598056258691,4.617166018107614,38.97275405727163,10.631830124671103
HIP14810,shared zero point,4,1,2461471.732 2461475.771 2461604.097 2461614.046,keplerian,0.14300320935544492,6.673844046766753,3.663992613583181e-05,0.02114747289496778,4.470750404266598,0.9921065971064116,0.37921177900243414,1.2877398327543728,4.9612352314743316e-05,0.02165598056258691,4.617166018107614,32.23225096249587,10.631830124671103
HIP14810,free offset,4,1,2461471.732 2461475.771 2461604.097 2461614.046,keplerian,0.14289126932116583,6.6738434321343565,3.944256827781231e-05,0.02129708437113786,4.512998008060784,1.0549709452786702,0.3808028648681095,1.2877398327543728,4.9612352314743316e-05,0.02165598056258691,4.617166018107614,39.006494393133806,10.631830124671103
HIP14810,shared zero point,4,2,2461456.811 2461467.729 2461470.754 2461481.757,keplerian,0.14351900706205928,6.673837414016159,3.6797990104317374e-05,0.020804522386233745,4.483154721212242,0.9596519371816786,0.3820581471725513,1.2877398327543728,4.9612352314743316e-05,0.02165598056258691,4.617166018107614,32.25512705394529,10.631830124671103
HIP14810,free offset,4,2,2461456.811 2461467.729 2461470.754 2461481.757,keplerian,0.1429850626197665,6.673836711312367,3.9562955362232357e-05,0.021059981992584364,4.519828581709879,1.0310914217783256,0.3847300957207824,1.2877398327543728,4.9612352314743316e-05,0.02165598056258691,4.617166018107614,38.98862662005285,10.631830124671103
HIP14810,shared zero point,4,3,2461438.777 2461476.722 2461478.760 2461612.066,keplerian,0.1431366512399829,6.6738410227127405,4.007455790393853e-05,0.021120416917823317,4.471852752331424,1.0716050451832908,0.4826986815680473,1.2877398327543728,4.9612352314743316e-05,0.02165598056258691,4.617166018107614,32.22375707353978,10.631830124671103
HIP14810,free offset,4,3,2461438.777 2461476.722 2461478.760 2461612.066,keplerian,0.1428915047144581,6.673837649763799,4.819269424453125e-05,0.021369457906901607,4.512872965085114,1.2616928675908659,1.0291621619680433,1.2877398327543728,4.9612352314743316e-05,0.02165598056258691,4.617166018107614,38.998808181454756,10.631830124671103
HIP14810,shared zero point,4,4,2461456.735 2461478.735 2461605.112 2461615.057,keplerian,0.14379564966173009,6.67384222864057,3.719664253197839e-05,0.02085098778947446,4.4805181211269485,0.9880583220072404,0.4054918630503915,1.2877398327543728,4.9612352314743316e-05,0.02165598056258691,4.617166018107614,32.249296441283484,10.631830124671103
HIP14810,free offset,4,4,2461456.735 2461478.735 2461605.112 2461615.057,keplerian,0.1434637907765219,6.6738421345824115,4.036746703374819e-05,0.02108516489172746,4.519875495294221,1.0609076649260247,0.4205364451845346,1.2877398327543728,4.9612352314743316e-05,0.02165598056258691,4.617166018107614,39.0168898771837,10.631830124671103
HIP14810,shared zero point,5,0,2461442.746 2461447.726 2461475.768 2461481.735 2461613.059,keplerian,0.14271028386820594,6.67383795491931,3.4844664080160654e-05,0.02075697657784994,4.423969269952112,0.9147114018222224,0.33814531186812535,1.2877398327543728,4.9612352314743316e-05,0.02165598056258691,4.617166018107614,32.176732816714974,10.631830124671103
HIP14810,free offset,5,0,2461442.746 2461447.726 2461475.768 2461481.735 2461613.059,keplerian,0.1426894601212727,6.6738396920499286,4.296992138518796e-05,0.021020862263659144,4.474605978044014,1.105962446026885,0.5153609221310487,1.2877398327543728,4.9612352314743316e-05,0.02165598056258691,4.617166018107614,38.97425073063271,10.631830124671103
HIP14810,shared zero point,5,1,2461439.813 2461446.790 2461456.803 2461600.080 2461601.088,keplerian,0.14227778269985594,6.673831353045353,4.5074137138357334e-05,0.020828182413828323,4.386589384753011,1.1588811893348192,0.7450490422072599,1.2877398327543728,4.9612352314743316e-05,0.02165598056258691,4.617166018107614,32.18468567278695,10.631830124671103
HIP14810,free offset,5,1,2461439.813 2461446.790 2461456.803 2461600.080 2461601.088,keplerian,0.14240629450698145,6.673833282295959,4.6333815559423494e-05,0.021316764894111856,4.475030413064773,1.200615173304001,0.7476211376472485,1.2877398327543728,4.9612352314743316e-05,0.02165598056258691,4.617166018107614,38.98534567338127,10.631830124671103
HIP14810,shared zero point,5,2,2461444.786 2461448.775 2461453.706 2461605.117 2461613.059,keplerian,0.14379536557023906,6.673854797184511,3.498555463115977e-05,0.020710582679869066,4.470294978522349,0.9436981191328837,0.35373308357726935,1.2877398327543728,4.9612352314743316e-05,0.02165598056258691,4.617166018107614,32.126513439208296,10.631830124671103
HIP14810,free offset,5,2,2461444.786 2461448.775 2461453.706 2461605.117 2461613.059,keplerian,0.14347870230188992,6.673853200804438,3.817120251995436e-05,0.02096544411881725,4.5227299563475185,1.015750543811242,0.35860443309492335,1.2877398327543728,4.9612352314743316e-05,0.02165598056258691,4.617166018107614,39.009668999470165,10.631830124671103
HIP14810,shared zero point,5,3,2461451.803 2461459.795 2461467.750 2461479.740 2461614.047,keplerian,0.1436671024653904,6.673838037018581,4.1564545311846944e-05,0.02098234589974397,4.42042916467583,1.0996832395306995,0.5391817685705754,1.2877398327543728,4.9612352314743316e-05,0.02165598056258691,4.617166018107614,32.12557136809305,10.631830124671103
HIP14810,free offset,5,3,2461451.803 2461459.795 2461467.750 2461479.740 2461614.047,keplerian,0.1434420282010662,6.673838486712677,4.361595162330205e-05,0.02121896963483649,4.540974403796486,1.1507165205353527,0.5426427682738698,1.2877398327543728,4.9612352314743316e-05,0.02165598056258691,4.617166018107614,38.99124039227476,10.631830124671103
HIP14810,shared zero point,5,4,2461447.791 2461451.756 2461456.707 2461457.750 2461478.720,keplerian,0.14319400332434162,6.673843899572426,3.668087800359004e-05,0.02102531277820713,4.443623815200295,1.0040524219599702,0.3832849265878844,1.2877398327543728,4.9612352314743316e-05,0.02165598056258691,4.617166018107614,32.11752793357585,10.631830124671103
HIP14810,free offset,5,4,2461447.791 2461451.756 2461456.707 2461457.750 2461478.720,keplerian,0.14308379336127708,6.673839240806227,4.16900451113427e-05,0.021180158251696134,4.488732424044674,1.1114863611936123,0.455561134737616,1.2877398327543728,4.9612352314743316e-05,0.02165598056258691,4.617166018107614,38.97108022366977,10.631830124671103
BD-10 3166,shared zero point,3,0,2461464.903 2461503.790 2461553.768,circular,0.0,3.487945440380042,1.2904653437938312e-05,0.012444848090171315,1.3593125936100996,0.7366859468744267,0.379053862442857,1.2434828169221683,2.0457290100153078e-05,0.01373385238644715,1.4316486436738376,5.230364684368771,1.669558605975272
BD-10 3166,free offset,3,0,2461464.903 2461503.790 2461553.768,circular,0.0,3.4879442798334694,1.3601184642162405e-05,0.01277231546094456,1.381897197366117,0.7862709042663133,0.40911042367886624,1.2434828169221683,2.0457290100153078e-05,0.01373385238644715,1.4316486436738376,5.4407413937536235,1.669558605975272
BD-10 3166,shared zero point,3,1,2461526.738 2461530.883 2461568.779,circular,0.0,3.487948479168807,1.5616825896684658e-05,0.013122705638949054,1.2978805539538945,0.9320734935959443,0.5846461547995948,1.2434828169221683,2.0457290100153078e-05,0.01373385238644715,1.4316486436738376,5.218910469527283,1.669558605975272
BD-10 3166,free offset,3,1,2461526.738 2461530.883 2461568.779,circular,0.0,3.4879471928668675,1.6457752352208323e-05,0.013333323740314214,1.3976528194687683,0.9818254928542456,0.627715685692071,1.2434828169221683,2.0457290100153078e-05,0.01373385238644715,1.4316486436738376,5.445656074647201,1.669558605975272
BD-10 3166,shared zero point,3,2,2461464.886 2461517.784 2461524.909,circular,0.0,3.4879408817607054,1.307736939721825e-05,0.012360013362077663,1.346460176907005,0.7470535668119769,0.3805099769924567,1.2434828169221683,2.0457290100153078e-05,0.01373385238644715,1.4316486436738376,5.222326733081402,1.669558605975272
BD-10 3166,free offset,3,2,2461464.886 2461517.784 2461524.909,circular,0.0,3.4879416729390043,1.9872956555673695e-05,0.014085970853860734,1.369531296967164,1.2076473044803726,1.2134240882681295,1.2434828169221683,2.0457290100153078e-05,0.01373385238644715,1.4316486436738376,5.440488960672007,1.669558605975272
BD-10 3166,shared zero point,3,3,2461441.905 2461456.851 2461524.735,circular,0.0,3.4879479248692995,1.3360655717701812e-05,0.012622951028510293,1.332144641290968,0.7768730383745361,0.4268338432095859,1.2434828169221683,2.0457290100153078e-05,0.01373385238644715,1.4316486436738376,5.210493743090501,1.669558605975272
BD-10 3166,free offset,3,3,2461441.905 2461456.851 2461524.735,circular,0.0,3.487948253636453,1.363495686087555e-05,0.012813163663955903,1.3542751943352147,0.7930314825346121,0.4315341752593821,1.2434828169221683,2.0457290100153078e-05,0.01373385238644715,1.4316486436738376,5.448854078331955,1.669558605975272
BD-10 3166,shared zero point,3,4,2461456.886 2461485.789 2461553.759,circular,0.0,3.4879389798653753,1.3485465842304116e-05,0.0128010987364092,1.362174402918044,0.7820984499000064,0.4131971894919752,1.2434828169221683,2.0457290100153078e-05,0.01373385238644715,1.4316486436738376,5.336545997210815,1.669558605975272
BD-10 3166,free offset,3,4,2461456.886 2461485.789 2461553.759,circular,0.0,3.4879356994193045,1.3836692982617371e-05,0.012799209258788212,1.3742660096120218,0.8029283459425649,0.4307822850271175,1.2434828169221683,2.0457290100153078e-05,0.01373385238644715,1.4316486436738376,5.450455922674319,1.669558605975272
BD-10 3166,shared zero point,4,0,2461447.040 2461459.831 2461495.872 2461519.760,circular,0.0,3.4879357533045963,1.3652249480095435e-05,0.012649424617197997,1.2716699926087114,0.7998768109595829,0.41992575989658887,1.2434828169221683,2.0457290100153078e-05,0.01373385238644715,1.4316486436738376,5.144117344621226,1.669558605975272
BD-10 3166,free offset,4,0,2461447.040 2461459.831 2461495.872 2461519.760,circular,0.0,3.4879344288157705,1.4846224393027012e-05,0.012936868141445125,1.3639587187611426,0.8719225380761519,0.49421615404748215,1.2434828169221683,2.0457290100153078e-05,0.01373385238644715,1.4316486436738376,5.454899532809336,1.669558605975272
BD-10 3166,shared zero point,4,1,2461440.145 2461444.969 2461461.931 2461493.798,circular,0.0,3.487942919490696,1.4481788156040978e-05,0.012584466276690529,1.2701037688942727,0.8458062831052052,0.473508897812154,1.2434828169221683,2.0457290100153078e-05,0.01373385238644715,1.4316486436738376,5.127230485205064,1.669558605975272
BD-10 3166,free offset,4,1,2461440.145 2461444.969 2461461.931 2461493.798,circular,0.0,3.4879394936920414,1.8059994128337784e-05,0.013799039732429175,1.2968383403405572,1.0898447784902803,0.8436748731800128,1.2434828169221683,2.0457290100153078e-05,0.01373385238644715,1.4316486436738376,5.4406391248492865,1.669558605975272
BD-10 3166,shared zero point,4,2,2461448.865 2461490.011 2461538.868 2461560.801,circular,0.0,3.487945738420546,1.2523651391364671e-05,0.012250190298793415,1.3022479819925485,0.7182513302284907,0.35835332900713746,1.2434828169221683,2.0457290100153078e-05,0.01373385238644715,1.4316486436738376,5.1255682657924115,1.669558605975272
BD-10 3166,free offset,4,2,2461448.865 2461490.011 2461538.868 2461560.801,circular,0.0,3.48794569647102,1.2807298154153127e-05,0.012490562085127617,1.375371343304763,0.7364739276535869,0.35862538122542714,1.2434828169221683,2.0457290100153078e-05,0.01373385238644715,1.4316486436738376,5.442290023193234,1.669558605975272
BD-10 3166,shared zero point,4,3,2461476.886 2461478.039 2461501.763 2461557.800,circular,0.0,3.4879500173580333,1.2217519364175791e-05,0.012533459072371182,1.319404200798874,0.7066499323247528,0.3437962780457663,1.2434828169221683,2.0457290100153078e-05,0.01373385238644715,1.4316486436738376,5.223658177259166,1.669558605975272
BD-10 3166,free offset,4,3,2461476.886 2461478.039 2461501.763 2461557.800,circular,0.0,3.4879438389847546,1.8398993387449244e-05,0.014018412585751386,1.338332718358516,1.1110238570337543,0.8581585933993016,1.2434828169221683,2.0457290100153078e-05,0.01373385238644715,1.4316486436738376,5.440008444869244,1.669558605975272
BD-10 3166,shared zero point,4,4,2461466.846 2461493.985 2461503.779 2461572.773,circular,0.0,3.487935897194557,1.2503229294178548e-05,0.012206464755446681,1.302945726639067,0.7144278197324345,0.36976978622198475,1.2434828169221683,2.0457290100153078e-05,0.01373385238644715,1.4316486436738376,5.1621102988581935,1.669558605975272
BD-10 3166,free offset,4,4,2461466.846 2461493.985 2461503.779 2461572.773,circular,0.0,3.4879359577999653,1.2811523612689545e-05,0.01247107254085951,1.324640937380123,0.7354460229328421,0.38326949769067287,1.2434828169221683,2.0457290100153078e-05,0.01373385238644715,1.4316486436738376,5.451285799208008,1.669558605975272
BD-10 3166,shared zero point,5,0,2461501.927 2461523.792 2461537.754 2461552.786 2461558.806,circular,0.0,3.4879447027580186,1.258339726099372e-05,0.012139793706669427,1.2377159256340422,0.721796347249995,0.3844593318963185,1.2434828169221683,2.0457290100153078e-05,0.01373385238644715,1.4316486436738376,5.062296221111029,1.669558605975272
BD-10 3166,free offset,5,0,2461501.927 2461523.792 2461537.754 2461552.786 2461558.806,circular,0.0,3.487943935621451,1.296116498349294e-05,0.01248563935889339,1.2934927574973372,0.7491771110614354,0.4077305565385665,1.2434828169221683,2.0457290100153078e-05,0.01373385238644715,1.4316486436738376,5.440203202155994,1.669558605975272
BD-10 3166,shared zero point,5,1,2461445.059 2461457.075 2461465.903 2461481.995 2461537.852,circular,0.0,3.4879414943341476,1.566543790382104e-05,0.013153352061102694,1.2182360393490463,0.9296297676530051,0.5663276351096239,1.2434828169221683,2.0457290100153078e-05,0.01373385238644715,1.4316486436738376,5.143614920429057,1.669558605975272
BD-10 3166,free offset,5,1,2461445.059 2461457.075 2461465.903 2461481.995 2461537.852,circular,0.0,3.4879409550616693,1.6327025888715177e-05,0.013598433417352253,1.2419832429289352,0.9763809847223436,0.6173216584683814,1.2434828169221683,2.0457290100153078e-05,0.01373385238644715,1.4316486436738376,5.440110908011967,1.669558605975272
BD-10 3166,shared zero point,5,2,2461447.132 2461458.092 2461484.814 2461505.897 2461515.862,circular,0.0,3.487935542046221,1.1261860793098919e-05,0.011909153973789076,1.2696430064521345,0.636431805862841,0.3242542388787653,1.2434828169221683,2.0457290100153078e-05,0.01373385238644715,1.4316486436738376,5.085036420795295,1.669558605975272
BD-10 3166,free offset,5,2,2461447.132 2461458.092 2461484.814 2461505.897 2461515.862,circular,0.0,3.4879358305356263,1.171991015039672e-05,0.01213487119543231,1.349441204116904,0.6619583296954872,0.3367139414799142,1.2434828169221683,2.0457290100153078e-05,0.01373385238644715,1.4316486436738376,5.449644726846695,1.669558605975272
BD-10 3166,shared zero point,5,3,2461439.016 2461443.983 2461454.922 2461484.026 2461517.838,circular,0.0,3.48794501107175,1.0602705441995778e-05,0.01175020875343422,1.3240676733908432,0.5789609875649234,0.28478393038836036,1.2434828169221683,2.0457290100153078e-05,0.01373385238644715,1.4316486436738376,5.125535789789216,1.669558605975272
BD-10 3166,free offset,5,3,2461439.016 2461443.983 2461454.922 2461484.026 2461517.838,circular,0.0,3.4879444552060246,1.0856324674777819e-05,0.011993290106360813,1.3458492323000828,0.5971388396132526,0.29041008197390716,1.2434828169221683,2.0457290100153078e-05,0.01373385238644715,1.4316486436738376,5.441778650028865,1.669558605975272
BD-10 3166,shared zero point,5,4,2461446.019 2461527.754 2461540.835 2461549.775 2461572.783,circular,0.0,3.4879424543408897,1.20570705069383e-05,0.012101321600399497,1.2535224330957189,0.6866235323094029,0.3300851373520404,1.2434828169221683,2.0457290100153078e-05,0.01373385238644715,1.4316486436738376,5.075633297904733,1.669558605975272
BD-10 3166,free offset,5,4,2461446.019 2461527.754 2461540.835 2461549.775 2461572.783,circular,0.0,3.4879423277158756,1.2310815305072707e-05,0.012325201820231871,1.2852821455135786,0.701691230027403,0.33375275073958705,1.2434828169221683,2.0457290100153078e-05,0.01373385238644715,1.4316486436738376,5.441763536244532,1.669558605975272
